window_start,device_mac,pkt_count,byte_count,mean_iat,std_iat,arp_req_count,arp_req_rate,arp_reply_count,arp_reply_rate,broadcast_ratio,avg_response_latency,send_recv_ratio
1785423526.155571,08:00:27:34:35:33,8,784,1.024277993610927,0.0007158979157282911,0,0.0,0,0.0,0.0,0.003124535083770752,1.0
1785423526.155571,08:00:27:5a:87:bc,0,0,,,0,0.0,0,0.0,0.0,,0.0
1785423526.155571,08:00:27:8a:0d:75,7,686,1.0185656547546387,0.0076358453939059006,0,0.0,0,0.0,0.0,,1.0
1785423526.155571,08:00:27:9c:f0:f1,10,980,1.0906355645921495,0.1929956102850734,0,0.0,0,0.0,0.0,8.654594421386719e-05,1.0
1785423526.155571,08:00:27:a5:9e:2d,9,882,1.1841772496700287,0.44122336886074726,0,0.0,0,0.0,0.0,0.00012612342834472656,1.0
1785423536.155571,08:00:27:34:35:33,12,1100,0.838050365447998,0.36176592301462906,1,0.1,1,0.1,0.0,9.80377197265625e-05,1.0
1785423536.155571,08:00:27:5a:87:bc,0,0,,,0,0.0,0,0.0,0.0,,0.0
1785423536.155571,08:00:27:8a:0d:75,0,0,,,0,0.0,0,0.0,0.0,,0.0
1785423536.155571,08:00:27:9c:f0:f1,26,2370,0.3687464809417725,0.24942679568311496,1,0.1,1,0.1,0.0,0.0001359879970550537,0.6585162545151431
1785423536.155571,08:00:27:a5:9e:2d,13,2499,0.683963676293691,0.47901793722917474,0,0.0,0,0.0,0.0,,1.9677165354330708
1785423546.155571,08:00:27:34:35:33,11,1059,0.9119709014892579,0.9466238013411407,0,0.0,0,0.0,0.0,0.00011837482452392578,0.8929173693086003
1785423546.155571,08:00:27:5a:87:bc,0,0,,,0,0.0,0,0.0,0.0,,0.0
1785423546.155571,08:00:27:8a:0d:75,6,486,0.004397010803222657,0.008596480583652769,0,0.0,0,0.0,0.0,,0.28338192419825076
1785423546.155571,08:00:27:9c:f0:f1,26,2554,0.3793947219848633,0.3576608922114583,0,0.0,0,0.0,0.0,0.0013987753126356336,0.6985776805251641
1785423546.155571,08:00:27:a5:9e:2d,19,4312,0.5103776190016005,0.4977890932466914,0,0.0,0,0.0,0.0,,2.3257820927723842
1785423556.155571,08:00:27:34:35:33,50,3811,0.18470687768897232,0.6619433694689227,0,0.0,0,0.0,0.0,5.245208740234375e-05,0.007198688331362556
1785423556.155571,08:00:27:5a:87:bc,0,0,,,0,0.0,0,0.0,0.0,,0.0
1785423556.155571,08:00:27:8a:0d:75,1,60,,,1,0.1,0,0.0,0.0,,1.0
1785423556.155571,08:00:27:9c:f0:f1,78,530374,0.11754023564326299,0.5044803139801264,0,0.0,0,0.0,0.0,,73.245960502693
1785423556.155571,08:00:27:a5:9e:2d,11,3490,0.5178144931793213,1.2379496836502408,0,0.0,1,0.1,0.0,,3.381782945736434
1785423566.155571,08:00:27:34:35:33,84,6214,0.10887272099414504,0.4919651061784142,1,0.1,0,0.0,0.011904761904761904,7.653236389160156e-05,0.005872979568382313
1785423566.155571,08:00:27:5a:87:bc,0,0,,,0,0.0,0,0.0,0.0,,0.0
1785423566.155571,08:00:27:8a:0d:75,0,0,,,0,0.0,0,0.0,0.0,,0.0
1785423566.155571,08:00:27:9c:f0:f1,130,1058104,0.06773833341376725,0.3762577740402779,0,0.0,0,0.0,0.0,8.177757263183594e-05,169.2424824056302
1785423566.155571,08:00:27:a5:9e:2d,6,550,0.4666353702545166,0.3533942022670709,0,0.0,1,0.1,0.0,,1.1224489795918366
1785423576.155571,08:00:27:34:35:33,35,2681,0.26802270552691293,0.5084308206351879,0,0.0,1,0.1,0.0,0.00010160037449428014,0.010113813409384985
1785423576.155571,08:00:27:5a:87:bc,0,0,,,0,0.0,0,0.0,0.0,,0.0
1785423576.155571,08:00:27:8a:0d:75,18,4214,0.5408316500046674,0.5075092877668506,0,0.0,0,0.0,0.0,,2.3997722095671983
1785423576.155571,08:00:27:9c:f0:f1,40,265317,0.23529461713937613,0.41751985004584463,0,0.0,0,0.0,0.0,7.519721984863281e-05,91.01783876500858
1785423576.155571,08:00:27:a5:9e:2d,38,3482,0.2543251643309722,0.31651049453971325,1,0.1,0,0.0,0.0,0.013111352920532227,0.5861952861952862
1785423586.155571,08:00:27:34:35:33,16,1568,0.5966517289479574,0.29489199200896044,0,0.0,0,0.0,0.0,0.00011894438001844619,1.0
1785423586.155571,08:00:27:5a:87:bc,0,0,,,0,0.0,0,0.0,0.0,,0.0
1785423586.155571,08:00:27:8a:0d:75,7,1911,0.3417946894963582,0.47772320579767674,0,0.0,0,0.0,0.0,,2.802052785923754
1785423586.155571,08:00:27:9c:f0:f1,11,1040,0.9183956146240234,0.25720917200875265,1,0.1,0,0.0,0.0,0.007595729827880859,1.0
1785423586.155571,08:00:27:a5:9e:2d,21,1918,0.4212943434715271,0.4402157773634795,0,0.0,1,0.1,0.0,0.00012099742889404297,0.609469335875437
1785423596.155571,08:00:27:34:35:33,28,2129,0.15116892920600045,0.3621784210738842,0,0.0,0,0.0,0.0,0.00013077259063720703,0.008056246144997295
1785423596.155571,08:00:27:5a:87:bc,0,0,,,0,0.0,0,0.0,0.0,,0.0
1785423596.155571,08:00:27:8a:0d:75,6,1813,0.20565719604492189,0.40028423660369217,0,0.0,0,0.0,0.0,,3.1044520547945207
1785423596.155571,08:00:27:9c:f0:f1,23,263875,0.00014254179867831144,0.00019882499827722134,0,0.0,0,0.0,0.0,,151.91421991940126
1785423596.155571,08:00:27:a5:9e:2d,11,976,0.9737804174423218,1.6264617920381883,0,0.0,0,0.0,0.0,9.5367431640625e-07,0.44263038548752837
1785423606.155571,08:00:27:34:35:33,10,980,0.5980146461062961,0.3128378103297726,0,0.0,0,0.0,0.0,0.00023472309112548828,1.0
1785423606.155571,08:00:27:5a:87:bc,0,0,,,0,0.0,0,0.0,0.0,,0.0
1785423606.155571,08:00:27:8a:0d:75,10,980,0.713863213857015,0.26513475399754616,0,0.0,0,0.0,0.0,0.0033428271611531577,1.0
1785423606.155571,08:00:27:9c:f0:f1,13,1134,0.5122002561887106,0.4935970951476819,0,0.0,1,0.1,0.0,0.00012596448262532553,0.4798984341938214
1785423606.155571,08:00:27:a5:9e:2d,20,3147,0.44359489491111354,0.3622620006423424,1,0.1,0,0.0,0.0,0.033501267433166504,1.640771637122002
1785423616.155571,08:00:27:34:35:33,14,1315,0.7039296993842492,0.6045215136025202,1,0.1,0,0.0,0.0,0.00015020370483398438,0.9119278779472955
1785423616.155571,08:00:27:5a:87:bc,0,0,,,0,0.0,0,0.0,0.0,,0.0
1785423616.155571,08:00:27:8a:0d:75,0,0,,,0,0.0,0,0.0,0.0,,0.0
1785423616.155571,08:00:27:9c:f0:f1,11,1186,0.6120100975036621,0.4993335661984859,0,0.0,0,0.0,0.0,,1.1199244570349387
1785423616.155571,08:00:27:a5:9e:2d,3,256,0.5275169610977173,0.49615800380706787,0,0.0,1,0.1,0.0,,1.0
1785423626.155571,08:00:27:34:35:33,8,784,1.3075455597468786,0.6946111335127412,0,0.0,0,0.0,0.0,0.00012034177780151367,1.0
1785423626.155571,08:00:27:5a:87:bc,0,0,,,0,0.0,0,0.0,0.0,,0.0
1785423626.155571,08:00:27:8a:0d:75,0,0,,,0,0.0,0,0.0,0.0,,0.0
1785423626.155571,08:00:27:9c:f0:f1,8,784,1.3075265884399414,0.6946037803664878,0,0.0,0,0.0,0.0,,1.0
1785423626.155571,08:00:27:a5:9e:2d,0,0,,,0,0.0,0,0.0,0.0,,0.0
1785423636.155571,08:00:27:34:35:33,10,961,0.7896967728932699,0.9209601975645288,0,0.0,0,0.0,0.0,0.0001349925994873047,0.8832720588235294
1785423636.155571,08:00:27:5a:87:bc,0,0,,,0,0.0,0,0.0,0.0,,0.0
1785423636.155571,08:00:27:8a:0d:75,0,0,,,0,0.0,0,0.0,0.0,,0.0
1785423636.155571,08:00:27:9c:f0:f1,10,1088,0.7896873156229655,0.9209986035189098,0,0.0,0,0.0,0.0,,1.1321540062434963
1785423636.155571,08:00:27:a5:9e:2d,0,0,,,0,0.0,0,0.0,0.0,,0.0
1785423646.155571,08:00:27:34:35:33,47,3588,0.20100376398667044,0.5392119065327167,1,0.1,1,0.1,0.0,0.0037495692571004233,0.006787022184558579
1785423646.155571,08:00:27:5a:87:bc,0,0,,,0,0.0,0,0.0,0.0,,0.0
1785423646.155571,08:00:27:8a:0d:75,19,3011,0.4219473335478041,0.348577385603636,1,0.1,1,0.1,0.0,9.717941284179688e-05,1.6896745230078563
1785423646.155571,08:00:27:9c:f0:f1,55,528434,0.1538901858859592,0.9858782021156454,0,0.0,0,0.0,0.0,,115.0019586507073
1785423646.155571,08:00:27:a5:9e:2d,33,4205,0.2524475008249283,0.2831297007050694,2,0.2,2,0.2,0.0,0.0001633167266845703,1.0
1785423656.155571,08:00:27:34:35:33,9,882,1.0240251123905182,0.0027345232414806926,0,0.0,0,0.0,0.0,0.0001522699991861979,1.0
1785423656.155571,08:00:27:5a:87:bc,0,0,,,0,0.0,0,0.0,0.0,,0.0
1785423656.155571,08:00:27:8a:0d:75,25,3573,0.4030342102050781,0.35788403481016373,0,0.0,0,0.0,0.0,0.0016968780093722874,1.0
1785423656.155571,08:00:27:9c:f0:f1,15,1368,0.6591974326542446,0.4877680938690565,0,0.0,0,0.0,0.0,0.0014524459838867188,0.5267616480554486
1785423656.155571,08:00:27:a5:9e:2d,48,7052,0.206275574704434,0.18777694224954627,0,0.0,0,0.0,0.0,0.0015891551971435546,1.2110595912759745
1785423666.155571,08:00:27:34:35:33,9,844,1.1428489983081818,0.7705350989847394,0,0.0,1,0.1,0.0,0.00015369057655334473,1.0
1785423666.155571,08:00:27:5a:87:bc,0,0,,,0,0.0,0,0.0,0.0,,0.0
1785423666.155571,08:00:27:8a:0d:75,10,980,1.020706229739719,0.007679616118146863,0,0.0,0,0.0,0.0,0.00011339187622070313,1.0
1785423666.155571,08:00:27:9c:f0:f1,9,844,1.1201465129852295,0.7161739468411292,1,0.1,0,0.0,0.0,0.00011610984802246094,1.0
1785423666.155571,08:00:27:a5:9e:2d,12,1176,0.8941153613003817,0.2754542100402259,0,0.0,0,0.0,0.0,,1.0
1785423676.155571,08:00:27:34:35:33,56,4220,0.16632054935802112,0.41771716577435736,1,0.1,0,0.0,0.0,0.00014601434980119978,0.007979940471913256
1785423676.155571,08:00:27:5a:87:bc,0,0,,,0,0.0,0,0.0,0.0,,0.0
1785423676.155571,08:00:27:8a:0d:75,6,486,0.006153392791748047,0.011990819564951597,0,0.0,0,0.0,0.0,,0.28338192419825076
1785423676.155571,08:00:27:9c:f0:f1,56,528532,0.09253289049321956,0.2866466038099158,0,0.0,1,0.1,0.0,,134.62353540499237
1785423676.155571,08:00:27:a5:9e:2d,8,2009,1.2102488790239607,2.1600418617007002,0,0.0,0,0.0,0.0,,2.575641025641026
1785423686.155571,08:00:27:34:35:33,11,1040,0.921628999710083,0.2966718247893843,1,0.1,0,0.0,0.0,0.00014081001281738282,1.0
1785423686.155571,08:00:27:5a:87:bc,0,0,,,0,0.0,0,0.0,0.0,,0.0
1785423686.155571,08:00:27:8a:0d:75,0,0,,,0,0.0,0,0.0,0.0,,0.0
1785423686.155571,08:00:27:9c:f0:f1,11,938,0.8100418090820313,1.4636242202407,1,0.1,0,0.0,0.0,0.00013273954391479492,0.43285648361790496
1785423686.155571,08:00:27:a5:9e:2d,21,3207,0.4608071446418762,0.40109215938353293,0,0.0,2,0.2,0.0,,1.621334681496461
1785423696.155571,08:00:27:34:35:33,10,961,1.0098012288411458,1.1571389290785203,0,0.0,0,0.0,0.0,8.401870727539062e-05,0.8832720588235294
1785423696.155571,08:00:27:5a:87:bc,0,0,,,0,0.0,0,0.0,0.0,,0.0
1785423696.155571,08:00:27:8a:0d:75,14,2597,0.7092744753910944,0.46877144034383983,0,0.0,0,0.0,0.0,,1.898391812865497
1785423696.155571,08:00:27:9c:f0:f1,9,990,0.7600252628326416,0.971948156352822,0,0.0,0,0.0,0.0,,1.1471610660486675
1785423696.155571,08:00:27:a5:9e:2d,16,1466,0.6147004763285319,0.46371632345192043,0,0.0,0,0.0,0.0,0.00016164779663085938,0.5439703153988869
1785423706.155571,08:00:27:34:35:33,8,784,1.3074565614972795,0.6931502935610854,0,0.0,0,0.0,0.0,0.00014010071754455566,1.0
1785423706.155571,08:00:27:5a:87:bc,0,0,,,0,0.0,0,0.0,0.0,,0.0
1785423706.155571,08:00:27:8a:0d:75,14,2597,0.7089572319617639,0.4672891333371994,0,0.0,0,0.0,0.0,,1.898391812865497
1785423706.155571,08:00:27:9c:f0:f1,4,392,1.0253483454386394,0.0016558337941216534,0,0.0,0,0.0,0.0,,1.0
1785423706.155571,08:00:27:a5:9e:2d,19,1760,0.5286770529217191,0.4167579612807566,0,0.0,0,0.0,0.0,0.0001437664031982422,0.5888256942121111
1785423716.155571,08:00:27:34:35:33,11,1002,0.8160058975219726,0.3829963598073501,1,0.1,1,0.1,0.0,0.010792546802096896,1.0
1785423716.155571,08:00:27:5a:87:bc,0,0,,,0,0.0,0,0.0,0.0,,0.0
1785423716.155571,08:00:27:8a:0d:75,10,980,1.0204267766740587,0.006888874797475743,0,0.0,0,0.0,0.0,,1.0
1785423716.155571,08:00:27:9c:f0:f1,1,98,,,0,0.0,0,0.0,0.0,0.00011682510375976562,1.0
1785423716.155571,08:00:27:a5:9e:2d,22,2080,0.43733228955950054,0.22857880516504206,1,0.1,1,0.1,0.0,0.00012536048889160155,1.0
1785423726.155571,08:00:27:34:35:33,74,10902,0.1271356033952269,0.37183164171274913,0,0.0,0,0.0,0.0,0.00012799671718052456,0.00822554067349538
1785423726.155571,08:00:27:5a:87:bc,0,0,,,0,0.0,0,0.0,0.0,,0.0
1785423726.155571,08:00:27:8a:0d:75,11,2303,0.6162824869155884,0.496609437580668,0,0.0,0,0.0,0.0,,2.144320297951583
1785423726.155571,08:00:27:9c:f0:f1,123,1326130,0.07527714870015129,0.23203926421243143,1,0.1,0,0.0,0.0,0.0003571510314941406,113.85044642857143
1785423726.155571,08:00:27:a5:9e:2d,26,2408,0.37849136352539064,0.2733703335837285,0,0.0,1,0.1,0.0,0.00011201699574788411,0.6620841352763266
1785423736.155571,08:00:27:34:35:33,38,3205,0.2522807314589217,0.3680738738797388,0,0.0,0,0.0,0.0,0.0013972388373480903,0.012048736292447829
1785423736.155571,08:00:27:5a:87:bc,0,0,,,0,0.0,0,0.0,0.0,,0.0
1785423736.155571,08:00:27:8a:0d:75,0,0,,,0,0.0,0,0.0,0.0,,0.0
1785423736.155571,08:00:27:9c:f0:f1,43,265573,0.22223921049208867,0.3952783072048854,0,0.0,1,0.1,0.0,0.0001333475112915039,95.70198198198199
1785423736.155571,08:00:27:a5:9e:2d,10,942,1.0001708931393094,0.41894710942360686,1,0.1,0,0.0,0.0,,1.0
1785423746.155571,08:00:27:34:35:33,13,1236,0.682767907778422,0.39378316995952944,1,0.1,0,0.0,0.0,0.00014034907023111978,1.0
1785423746.155571,08:00:27:5a:87:bc,0,0,,,0,0.0,0,0.0,0.0,,0.0
1785423746.155571,08:00:27:8a:0d:75,0,0,,,0,0.0,0,0.0,0.0,,0.0
1785423746.155571,08:00:27:9c:f0:f1,9,780,0.8854454755783081,1.617719088153902,0,0.0,0,0.0,0.0,0.00012763341267903647,0.38825286212045795
1785423746.155571,08:00:27:a5:9e:2d,15,2657,0.585244859967913,0.48476808840775304,0,0.0,1,0.1,0.0,,1.8606442577030813
1785423756.155571,08:00:27:34:35:33,9,882,1.0212798714637756,0.007347927814011429,0,0.0,0,0.0,0.0,0.00017195277743869356,1.0
1785423756.155571,08:00:27:5a:87:bc,0,0,,,0,0.0,0,0.0,0.0,,0.0
1785423756.155571,08:00:27:8a:0d:75,0,0,,,0,0.0,0,0.0,0.0,,0.0
1785423756.155571,08:00:27:9c:f0:f1,7,686,1.0244841972986858,0.0010856638674656435,0,0.0,0,0.0,0.0,0.0015646730150495256,1.0
1785423756.155571,08:00:27:a5:9e:2d,16,1568,0.5461506684621175,0.48932744513222387,0,0.0,0,0.0,0.0,,1.0
1785423766.155571,08:00:27:34:35:33,17,1590,0.4400566816329956,0.745028772364806,0,0.0,1,0.1,0.0,0.00011801719665527344,0.8622559652928417
1785423766.155571,08:00:27:5a:87:bc,0,0,,,0,0.0,0,0.0,0.0,,0.0
1785423766.155571,08:00:27:8a:0d:75,0,0,,,0,0.0,0,0.0,0.0,,0.0
1785423766.155571,08:00:27:9c:f0:f1,21,2172,0.25597630739212035,0.4167719622774787,0,0.0,0,0.0,0.0,4.6586990356445314e-05,0.6901811248808389
1785423766.155571,08:00:27:a5:9e:2d,9,2069,1.1251352429389954,1.8545808585105643,1,0.1,0,0.0,0.0,,2.4630952380952382
1785423776.155571,08:00:27:34:35:33,6,550,0.8191215991973877,0.36344002993730085,1,0.1,0,0.0,0.0,0.00011920928955078125,1.0
1785423776.155571,08:00:27:5a:87:bc,0,0,,,0,0.0,0,0.0,0.0,,0.0
1785423776.155571,08:00:27:8a:0d:75,11,1002,0.8201313018798828,0.373329205984964,1,0.1,1,0.1,0.0,9.873178270128038e-05,1.0
1785423776.155571,08:00:27:9c:f0:f1,0,0,,,0,0.0,0,0.0,0.0,,0.0
1785423776.155571,08:00:27:a5:9e:2d,17,1552,0.5753273069858551,0.46460517227640963,1,0.1,2,0.2,0.0,,1.0
1785423786.155571,08:00:27:34:35:33,7,686,1.0021135012308757,0.03441621710412156,0,0.0,0,0.0,0.0,6.302197774251302e-05,1.0
1785423786.155571,08:00:27:5a:87:bc,0,0,,,0,0.0,0,0.0,0.0,,0.0
1785423786.155571,08:00:27:8a:0d:75,22,1952,0.44940908749898273,0.4635533776975056,0,0.0,0,0.0,0.0,0.03399190306663513,0.44263038548752837
1785423786.155571,08:00:27:9c:f0:f1,10,878,0.45515020688374835,0.502608271826417,0,0.0,0,0.0,0.0,0.00010001659393310547,0.4167062173706692
1785423786.155571,08:00:27:a5:9e:2d,28,6419,0.3495388825734456,0.41854432048214046,0,0.0,0,0.0,0.0,0.00790858268737793,2.3495607613469986
1785423796.155571,08:00:27:34:35:33,10,904,1.0168751080830891,0.8022228769834534,1,0.1,1,0.1,0.0,0.00014221668243408203,1.0
1785423796.155571,08:00:27:5a:87:bc,0,0,,,0,0.0,0,0.0,0.0,,0.0
1785423796.155571,08:00:27:8a:0d:75,20,1960,0.5186546350780287,0.13026801221815892,0,0.0,0,0.0,0.0,0.00011317729949951172,1.0
1785423796.155571,08:00:27:9c:f0:f1,9,806,0.8774702250957489,0.8952030236364017,1,0.1,1,0.1,0.0,0.00016274452209472657,1.0
1785423796.155571,08:00:27:a5:9e:2d,35,3278,0.2898427037631764,0.17266672225858123,2,0.2,2,0.2,0.0,0.00011336803436279297,1.0
1785423806.155571,08:00:27:34:35:33,11,1059,0.9120316982269288,0.9465646929085997,0,0.0,0,0.0,0.0,0.00015223026275634766,0.8929173693086003
1785423806.155571,08:00:27:5a:87:bc,0,0,,,0,0.0,0,0.0,0.0,,0.0
1785423806.155571,08:00:27:8a:0d:75,16,1466,0.6143837292989095,0.46884135246103054,0,0.0,0,0.0,0.0,,0.5439703153988869
1785423806.155571,08:00:27:9c:f0:f1,9,990,0.25644975900650024,0.43212155344778874,0,0.0,0,0.0,0.0,9.473164876302083e-05,1.1471610660486675
1785423806.155571,08:00:27:a5:9e:2d,23,3479,0.420925725590099,0.43175804968856274,0,0.0,0,0.0,0.0,0.0001228809356689453,1.5462222222222222
1785423816.155571,08:00:27:34:35:33,11,1040,0.9216131925582886,0.3019585731204088,0,0.0,1,0.1,0.0,0.00010595321655273437,1.0
1785423816.155571,08:00:27:5a:87:bc,0,0,,,0,0.0,0,0.0,0.0,,0.0
1785423816.155571,08:00:27:8a:0d:75,6,1813,0.20878477096557618,0.40219379182544157,0,0.0,0,0.0,0.0,,3.1044520547945207
1785423816.155571,08:00:27:9c:f0:f1,6,486,0.0030112266540527344,0.005764643813813355,0,0.0,0,0.0,0.0,,0.28338192419825076
1785423816.155571,08:00:27:a5:9e:2d,23,3339,0.42091941833496094,0.47792909274350914,1,0.1,0,0.0,0.0,8.320808410644531e-05,1.0
1785423826.155571,08:00:27:34:35:33,47,3562,0.19784658888111945,0.4909478513150067,1,0.1,0,0.0,0.0,0.000182342529296875,0.006728931002954534
1785423826.155571,08:00:27:5a:87:bc,0,0,,,0,0.0,0,0.0,0.0,,0.0
1785423826.155571,08:00:27:8a:0d:75,0,0,,,0,0.0,0,0.0,0.0,,0.0
1785423826.155571,08:00:27:9c:f0:f1,63,528866,0.03245677486542733,0.22662897233522508,0,0.0,1,0.1,0.0,,172.15690104166666
1785423826.155571,08:00:27:a5:9e:2d,7,610,1.2179579734802246,0.3001731637705276,1,0.1,1,0.1,0.0,,1.0
1785423836.155571,08:00:27:34:35:33,10,942,0.9102506637573242,0.28309049980618184,0,0.0,1,0.1,0.0,8.821487426757812e-05,1.0
1785423836.155571,08:00:27:5a:87:bc,0,0,,,0,0.0,0,0.0,0.0,,0.0
1785423836.155571,08:00:27:8a:0d:75,0,0,,,0,0.0,0,0.0,0.0,,0.0
1785423836.155571,08:00:27:9c:f0:f1,4,392,1.0169154008229573,0.010878115602500248,0,0.0,0,0.0,0.0,0.00016927719116210938,1.0
1785423836.155571,08:00:27:a5:9e:2d,14,1334,0.6681059323824369,0.3001176202691893,1,0.1,0,0.0,0.0,,1.0
1785423846.155571,08:00:27:34:35:33,32,2611,0.3092291662769933,0.47666929147775605,1,0.1,0,0.0,0.0,0.0001548926035563151,0.009844991346512776
1785423846.155571,08:00:27:5a:87:bc,0,0,,,0,0.0,0,0.0,0.0,,0.0
1785423846.155571,08:00:27:8a:0d:75,19,1620,0.3985952138900757,0.49329882410608644,0,0.0,1,0.1,0.0,0.0003548463185628255,0.39725355566454146
1785423846.155571,08:00:27:9c:f0:f1,37,265075,0.2525568935606215,0.6262298803166991,0,0.0,2,0.2,0.0,0.00013105074564615885,107.1010101010101
1785423846.155571,08:00:27:a5:9e:2d,22,4530,0.43361205146426246,0.43788181718103575,2,0.2,0,0.0,0.0,,2.186293436293436
1785423856.155571,08:00:27:34:35:33,20,1960,0.5100164287968686,0.013213334218745862,0,0.0,0,0.0,0.0,9.589195251464843e-05,1.0
1785423856.155571,08:00:27:5a:87:bc,0,0,,,0,0.0,0,0.0,0.0,,0.0
1785423856.155571,08:00:27:8a:0d:75,5,490,1.0250604748725891,0.0026501809241801177,0,0.0,0,0.0,0.0,0.00014719963073730468,1.0
1785423856.155571,08:00:27:9c:f0:f1,20,1960,0.5100084856936806,0.013432706406259478,0,0.0,0,0.0,0.0,0.00012271404266357423,1.0
1785423856.155571,08:00:27:a5:9e:2d,5,490,1.0250765085220337,0.002739200873522943,0,0.0,0,0.0,0.0,,1.0
1785423866.155571,08:00:27:34:35:33,30,2677,0.3156033466602194,0.28116351416779056,0,0.0,0,0.0,0.0,0.017745256423950195,0.010083812035031546
1785423866.155571,08:00:27:5a:87:bc,0,0,,,0,0.0,0,0.0,0.0,,0.0
1785423866.155571,08:00:27:8a:0d:75,0,0,,,0,0.0,0,0.0,0.0,,0.0
1785423866.155571,08:00:27:9c:f0:f1,39,265475,0.24085723098955655,0.2812116547893961,0,0.0,0,0.0,0.0,0.00010768572489420573,99.16884572282406
1785423866.155571,08:00:27:a5:9e:2d,0,0,,,0,0.0,0,0.0,0.0,,0.0
1785423876.155571,08:00:27:34:35:33,16,1530,0.635981273651123,0.8706530350411388,0,0.0,0,0.0,0.0,0.0016816258430480957,0.8576233183856502
1785423876.155571,08:00:27:5a:87:bc,0,0,,,0,0.0,0,0.0,0.0,,0.0
1785423876.155571,08:00:27:8a:0d:75,0,0,,,0,0.0,0,0.0,0.0,,0.0
1785423876.155571,08:00:27:9c:f0:f1,16,1784,0.6359937349955241,0.8710430198267735,0,0.0,0,0.0,0.0,0.0001709461212158203,1.166013071895425
1785423876.155571,08:00:27:a5:9e:2d,0,0,,,0,0.0,0,0.0,0.0,,0.0
1785423886.155571,08:00:27:34:35:33,74,10491,0.12730308428202589,0.4401407288037674,0,0.0,0,0.0,0.0,0.00013127326965332032,0.0131682335663809
1785423886.155571,08:00:27:5a:87:bc,0,0,,,0,0.0,0,0.0,0.0,,0.0
1785423886.155571,08:00:27:8a:0d:75,0,0,,,0,0.0,0,0.0,0.0,,0.0
1785423886.155571,08:00:27:9c:f0:f1,90,796690,0.10441345847054814,0.40160224660218397,0,0.0,0,0.0,0.0,,75.94032980650081
1785423886.155571,08:00:27:a5:9e:2d,0,0,,,0,0.0,0,0.0,0.0,,0.0
1785423896.155571,08:00:27:34:35:33,117,14160,0.08016137830142317,0.3019738940359437,0,0.0,0,0.0,0.0,7.633368174235026e-05,0.007631111221290369
1785423896.155571,08:00:27:5a:87:bc,0,0,,,0,0.0,0,0.0,0.0,,0.0
1785423896.155571,08:00:27:8a:0d:75,5,490,1.0226655006408691,0.002342124828474896,0,0.0,0,0.0,0.0,,1.0
1785423896.155571,08:00:27:9c:f0:f1,160,1855562,0.05848225107732809,0.260398876753098,0,0.0,0,0.0,0.0,,131.04251412429377
1785423896.155571,08:00:27:a5:9e:2d,5,490,1.0226494669914246,0.002380532507822208,0,0.0,0,0.0,0.0,9.46044921875e-05,1.0
1785423906.155571,08:00:27:34:35:33,24,2038,0.3890552624412205,0.8508699199263888,0,0.0,0,0.0,0.0,0.0064334869384765625,0.007689724520712827
1785423906.155571,08:00:27:5a:87:bc,0,0,,,0,0.0,0,0.0,0.0,,0.0
1785423906.155571,08:00:27:8a:0d:75,12,1100,0.8439906293695624,0.38192887527224284,1,0.1,1,0.1,0.0,,1.0
1785423906.155571,08:00:27:9c:f0:f1,34,265029,0.2707697333711566,0.732068265246575,0,0.0,0,0.0,0.0,9.624163309733073e-05,130.04367026496564
1785423906.155571,08:00:27:a5:9e:2d,12,1100,0.8439654653722589,0.38197264816500687,1,0.1,1,0.1,0.0,0.00014204978942871093,1.0
1785423916.155571,08:00:27:34:35:33,92,11993,0.10285192269545335,0.39353124199764783,1,0.1,1,0.1,0.0,0.00013259478977748325,0.011292322670611242
1785423916.155571,08:00:27:5a:87:bc,0,0,,,0,0.0,0,0.0,0.0,,0.0
1785423916.155571,08:00:27:8a:0d:75,9,882,1.0226763784885406,0.0051881622616304305,0,0.0,0,0.0,0.0,,1.0
1785423916.155571,08:00:27:9c:f0:f1,91,1061243,0.002416290177239312,0.010593097784396852,0,0.0,0,0.0,0.0,0.00018715858459472656,94.86394922678109
1785423916.155571,08:00:27:a5:9e:2d,18,1688,0.5137529373168945,0.23549174815534218,1,0.1,1,0.1,0.0,0.00011266602410210503,1.0
1785423926.155571,08:00:27:34:35:33,18,1764,0.5421188298393699,0.1488363054991155,0,0.0,0,0.0,0.0,0.00015273094177246094,1.0
1785423926.155571,08:00:27:5a:87:bc,0,0,,,0,0.0,0,0.0,0.0,,0.0
1785423926.155571,08:00:27:8a:0d:75,16,1466,0.6122894605000814,0.46730818583607314,0,0.0,0,0.0,0.0,,0.5439703153988869
1785423926.155571,08:00:27:9c:f0:f1,8,784,1.0216724191393172,0.007319281673655334,0,0.0,0,0.0,0.0,0.0001157522201538086,1.0
1785423926.155571,08:00:27:a5:9e:2d,25,3675,0.4071782926718394,0.19788183904633827,0,0.0,0,0.0,0.0,0.0001371622085571289,1.5024529844644317
1785423936.155571,08:00:27:34:35:33,21,2007,0.4596347451210022,0.3338485521079435,0,0.0,0,0.0,0.0,0.00014934539794921874,0.9404873477038426
1785423936.155571,08:00:27:5a:87:bc,0,0,,,0,0.0,0,0.0,0.0,,0.0
1785423936.155571,08:00:27:8a:0d:75,15,3920,0.44000600065503803,0.49806031913893883,0,0.0,0,0.0,0.0,,2.6812585499316004
1785423936.155571,08:00:27:9c:f0:f1,19,1938,0.5107133918338351,0.3915018558022737,0,0.0,0,0.0,0.0,0.00013406276702880858,1.0701270016565434
1785423936.155571,08:00:27:a5:9e:2d,19,1658,0.3426777786678738,0.4144755310511133,0,0.0,0,0.0,0.0,0.001729440689086914,0.40281827016520894
1785423946.155571,08:00:27:34:35:33,34,2679,0.1824383374416467,0.717508810908357,0,0.0,0,0.0,0.0,,0.010076618408729308
1785423946.155571,08:00:27:5a:87:bc,0,0,,,0,0.0,0,0.0,0.0,,0.0
1785423946.155571,08:00:27:8a:0d:75,0,0,,,0,0.0,0,0.0,0.0,,0.0
1785423946.155571,08:00:27:9c:f0:f1,52,266473,0.12436449293996774,0.30931513328752347,1,0.1,1,0.1,0.0,0.00012564659118652344,81.0194588020675
1785423946.155571,08:00:27:a5:9e:2d,7,610,0.8554389874140421,0.33455811895735055,1,0.1,1,0.1,0.0,,1.0
1785423956.155571,08:00:27:34:35:33,5,490,1.310778021812439,0.5130350896288046,0,0.0,0,0.0,0.0,0.007253408432006836,1.0
1785423956.155571,08:00:27:5a:87:bc,0,0,,,0,0.0,0,0.0,0.0,,0.0
1785423956.155571,08:00:27:8a:0d:75,0,0,,,0,0.0,0,0.0,0.0,,0.0
1785423956.155571,08:00:27:9c:f0:f1,13,1172,0.5938700834910074,0.4974419081300873,0,0.0,0,0.0,0.0,0.0025831631251743863,0.48812994585589337
1785423956.155571,08:00:27:a5:9e:2d,11,2303,0.7126383066177369,1.171955986900949,0,0.0,0,0.0,0.0,,2.144320297951583
1785423966.155571,08:00:27:34:35:33,12,1100,0.83819072896784,0.363401731052912,1,0.1,1,0.1,0.0,0.002805781364440918,1.0
1785423966.155571,08:00:27:5a:87:bc,0,0,,,0,0.0,0,0.0,0.0,,0.0
1785423966.155571,08:00:27:8a:0d:75,0,0,,,0,0.0,0,0.0,0.0,,0.0
1785423966.155571,08:00:27:9c:f0:f1,4,392,1.0270029703776042,0.003347239691769477,0,0.0,0,0.0,0.0,9.948015213012695e-05,1.0
1785423966.155571,08:00:27:a5:9e:2d,16,1492,0.614668607711792,0.340024402994679,1,0.1,1,0.1,0.0,,1.0
1785423976.155571,08:00:27:34:35:33,11,1002,0.9298818111419678,0.5012260546422832,1,0.1,1,0.1,0.0,0.0017038981119791667,1.0
1785423976.155571,08:00:27:5a:87:bc,0,0,,,0,0.0,0,0.0,0.0,,0.0
1785423976.155571,08:00:27:8a:0d:75,0,0,,,0,0.0,0,0.0,0.0,,0.0
1785423976.155571,08:00:27:9c:f0:f1,17,1488,0.6002952009439468,0.5090020221113465,1,0.1,1,0.1,0.0,0.000110626220703125,0.5476628634523372
1785423976.155571,08:00:27:a5:9e:2d,11,2303,0.31060428619384767,0.2905683555257876,0,0.0,0,0.0,0.0,,2.144320297951583
1785423986.155571,08:00:27:34:35:33,4,392,1.0227163632710774,0.0015658777641485103,0,0.0,0,0.0,0.0,0.00012069940567016602,1.0
1785423986.155571,08:00:27:5a:87:bc,0,0,,,0,0.0,0,0.0,0.0,,0.0
1785423986.155571,08:00:27:8a:0d:75,0,0,,,0,0.0,0,0.0,0.0,,0.0
1785423986.155571,08:00:27:9c:f0:f1,13,1172,0.3918112516403198,0.3726583270974707,0,0.0,0,0.0,0.0,0.0001347064971923828,0.48812994585589337
1785423986.155571,08:00:27:a5:9e:2d,8,2009,0.4379911422729492,0.499126106028705,0,0.0,0,0.0,0.0,,2.575641025641026
1785423996.155571,08:00:27:34:35:33,0,0,,,0,0.0,0,0.0,0.0,,0.0
1785423996.155571,08:00:27:5a:87:bc,0,0,,,0,0.0,0,0.0,0.0,,0.0
1785423996.155571,08:00:27:8a:0d:75,3,294,1.0818220376968384,0.05655801296234131,0,0.0,0,0.0,0.0,0.028099219004313152,1.0
1785423996.155571,08:00:27:9c:f0:f1,6,486,0.0049705982208251955,0.00957661546497328,0,0.0,0,0.0,0.0,,0.28338192419825076
1785423996.155571,08:00:27:a5:9e:2d,8,2009,1.1429902826036726,1.9345553496283987,0,0.0,0,0.0,0.0,,2.575641025641026
1785424006.155571,08:00:27:34:35:33,12,1138,0.4575232809240168,0.8932796145261165,0,0.0,0,0.0,0.0,6.54458999633789e-05,0.8175287356321839
1785424006.155571,08:00:27:5a:87:bc,0,0,,,0,0.0,0,0.0,0.0,,0.0
1785424006.155571,08:00:27:8a:0d:75,12,998,0.3789692792025479,0.4513608807440157,1,0.1,1,0.1,0.0,0.0016800165176391602,0.44813650651100134
1785424006.155571,08:00:27:9c:f0:f1,22,2270,0.29312928517659503,0.4190243370186386,0,0.0,0,0.0,0.0,0.0001193682352701823,0.699537750385208
1785424006.155571,08:00:27:a5:9e:2d,24,4726,0.4108889102935791,0.4540588737604305,1,0.1,1,0.1,0.0,,2.083774250440917
1785424016.155571,08:00:27:34:35:33,12,1100,0.8370559865778143,0.36816845668460685,1,0.1,1,0.1,0.0,0.00013649463653564453,1.0
1785424016.155571,08:00:27:5a:87:bc,0,0,,,0,0.0,0,0.0,0.0,,0.0
1785424016.155571,08:00:27:8a:0d:75,6,588,1.0245110034942626,0.0032873637111740235,0,0.0,0,0.0,0.0,,1.0
1785424016.155571,08:00:27:9c:f0:f1,8,682,1.2945491586412703,2.7649432457389307,0,0.0,0,0.0,0.0,5.447864532470703e-05,0.3568812140240712
1785424016.155571,08:00:27:a5:9e:2d,25,3599,0.39155537883440655,0.34614000806863654,1,0.1,1,0.1,0.0,0.0001171429951985677,1.5185654008438818
1785424026.155571,08:00:27:34:35:33,8,784,1.0245624269757951,0.002414241996797131,0,0.0,0,0.0,0.0,7.81714916229248e-05,1.0
1785424026.155571,08:00:27:5a:87:bc,0,0,,,0,0.0,0,0.0,0.0,,0.0
1785424026.155571,08:00:27:8a:0d:75,7,1873,1.0352553129196167,1.8833942829282413,0,0.0,1,0.1,0.0,,2.908385093167702
1785424026.155571,08:00:27:9c:f0:f1,0,0,,,0,0.0,0,0.0,0.0,,0.0
1785424026.155571,08:00:27:a5:9e:2d,16,1428,0.49384512901306155,0.45085795917613597,1,0.1,0,0.0,0.0,0.00015401840209960938,0.5374482499059089
1785424036.155571,08:00:27:34:35:33,17,1533,0.5742083638906479,0.48608449758704864,2,0.2,1,0.1,0.0,0.00013176600138346353,0.9234939759036145
1785424036.155571,08:00:27:5a:87:bc,0,0,,,0,0.0,0,0.0,0.0,,0.0
1785424036.155571,08:00:27:8a:0d:75,4,364,1.1424349943796794,0.1644882283005371,0,0.0,0,0.0,0.25,0.01778237024943034,1.2380952380952381
1785424036.155571,08:00:27:9c:f0:f1,6,658,1.0247568130493163,2.0485201534788122,0,0.0,1,0.1,0.0,,1.2391713747645952
1785424036.155571,08:00:27:a5:9e:2d,14,1296,0.6558003792395959,0.36241663716798106,1,0.1,1,0.1,0.0,,1.0
1785424046.155571,08:00:27:34:35:33,36,3048,0.2592146873474121,0.6504936170720376,0,0.0,0,0.0,0.0,0.0001533031463623047,0.011457397501776122
1785424046.155571,08:00:27:5a:87:bc,0,0,,,0,0.0,0,0.0,0.0,,0.0
1785424046.155571,08:00:27:8a:0d:75,20,1756,0.4849608948356227,0.5065554925662008,0,0.0,0,0.0,0.0,0.00015723705291748047,0.4167062173706692
1785424046.155571,08:00:27:9c:f0:f1,52,266933,0.1871048235425762,0.3758248312024335,1,0.1,1,0.1,0.0,0.00013953447341918945,67.54377530364373
1785424046.155571,08:00:27:a5:9e:2d,28,5118,0.34126822153727215,0.3927599695513783,1,0.1,1,0.1,0.0,,1.9240601503759398
1785424056.155571,08:00:27:34:35:33,21,1699,0.4031991481781006,0.8032179000576262,0,0.0,0,0.0,0.0,0.00013561248779296874,0.006434752968356468
1785424056.155571,08:00:27:5a:87:bc,0,0,,,0,0.0,0,0.0,0.0,,0.0
1785424056.155571,08:00:27:8a:0d:75,9,882,1.0305756330490112,0.012115477877539995,0,0.0,0,0.0,0.0,0.00013293160332573784,1.0
1785424056.155571,08:00:27:9c:f0:f1,31,264717,0.2688034693400065,0.6052447723410079,0,0.0,0,0.0,0.0,0.0001100301742553711,73.32880886426592
1785424056.155571,08:00:27:a5:9e:2d,16,2793,0.5571646690368652,0.47295609992637283,0,0.0,0,0.0,0.0,,1.7858056265984654
1785424066.155571,08:00:27:34:35:33,9,806,1.0162932574748993,0.42852705941582875,1,0.1,1,0.1,0.0,8.910042898995536e-05,1.0
1785424066.155571,08:00:27:5a:87:bc,0,0,,,0,0.0,0,0.0,0.0,,0.0
1785424066.155571,08:00:27:8a:0d:75,11,1040,0.9269289016723633,0.2835377864059784,0,0.0,1,0.1,0.0,0.000140380859375,1.0
1785424066.155571,08:00:27:9c:f0:f1,12,1074,0.8328792615370317,1.117312444609039,0,0.0,0,0.0,0.0,0.00010311603546142578,0.46634824142422926
1785424066.155571,08:00:27:a5:9e:2d,31,4149,0.3291499614715576,0.2033873327379814,2,0.2,1,0.1,0.0,,1.420890410958904
1785424076.155571,08:00:27:34:35:33,68,10381,0.13898089750489193,0.34688551769871406,0,0.0,0,0.0,0.0,0.00010098351372612847,0.009772882393089976
1785424076.155571,08:00:27:5a:87:bc,0,0,,,0,0.0,0,0.0,0.0,,0.0
1785424076.155571,08:00:27:8a:0d:75,23,3479,0.43475359136408026,0.25950430277898107,0,0.0,0,0.0,0.0,0.0001252889633178711,1.5462222222222222
1785424076.155571,08:00:27:9c:f0:f1,108,1062609,0.05466470094484704,0.24384440138512106,0,0.0,0,0.0,0.0,0.000110626220703125,80.36065945700673
1785424076.155571,08:00:27:a5:9e:2d,46,6856,0.21280030674404568,0.19819915392673798,0,0.0,0,0.0,0.0,0.00012138485908508301,1.2184112315621112
1785424086.155571,08:00:27:34:35:33,9,882,1.024033635854721,0.001904777611753329,0,0.0,0,0.0,0.0,0.00018167495727539062,1.0
1785424086.155571,08:00:27:5a:87:bc,0,0,,,0,0.0,0,0.0,0.0,,0.0
1785424086.155571,08:00:27:8a:0d:75,7,584,0.06446282068888347,0.13195606920879951,0,0.0,0,0.0,0.0,,0.3221180364037507
1785424086.155571,08:00:27:9c:f0:f1,12,1074,0.5570486458865079,0.5040274169335838,0,0.0,0,0.0,0.0,0.0001709461212158203,0.46634824142422926
1785424086.155571,08:00:27:a5:9e:2d,26,4998,0.3496329593658447,0.385878953333522,0,0.0,0,0.0,0.0,8.797645568847656e-05,1.9677165354330708
1785424096.155571,08:00:27:34:35:33,3,256,0.511821985244751,0.46817803382873535,0,0.0,1,0.1,0.0,0.00011789798736572266,1.0
1785424096.155571,08:00:27:5a:87:bc,0,0,,,0,0.0,0,0.0,0.0,,0.0
1785424096.155571,08:00:27:8a:0d:75,0,0,,,0,0.0,0,0.0,0.0,,0.0
1785424096.155571,08:00:27:9c:f0:f1,9,780,0.38522788882255554,0.49152676490137587,0,0.0,0,0.0,0.0,0.00018596649169921875,0.38825286212045795
1785424096.155571,08:00:27:a5:9e:2d,11,2265,0.32199141979217527,0.42211223415410115,1,0.1,0,0.0,0.0,,2.186293436293436
1785424106.155571,08:00:27:34:35:33,9,844,0.8958651125431061,0.3041181850744895,1,0.1,0,0.0,0.0,0.00015598535537719727,1.0
1785424106.155571,08:00:27:5a:87:bc,0,0,,,0,0.0,0,0.0,0.0,,0.0
1785424106.155571,08:00:27:8a:0d:75,0,0,,,0,0.0,0,0.0,0.0,,0.0
1785424106.155571,08:00:27:9c:f0:f1,0,0,,,0,0.0,0,0.0,0.0,,0.0
1785424106.155571,08:00:27:a5:9e:2d,9,844,0.895854115486145,0.3041067659014686,0,0.0,1,0.1,0.0,,1.0
1785424116.155571,08:00:27:34:35:33,12,1043,0.8465228297493674,1.1118582685610845,1,0.1,2,0.2,0.0,5.9545040130615234e-05,0.8914529914529915
1785424116.155571,08:00:27:5a:87:bc,0,0,,,0,0.0,0,0.0,0.0,,0.0
1785424116.155571,08:00:27:8a:0d:75,8,606,0.7379607132502964,1.7670542583947002,1,0.1,1,0.1,0.0,,0.3302452316076294
1785424116.155571,08:00:27:9c:f0:f1,7,718,0.8714816570281982,1.8599067660042377,1,0.1,1,0.1,0.0,,1.2148900169204737
1785424116.155571,08:00:27:a5:9e:2d,12,2287,0.7639692696658048,0.9832828835829899,2,0.2,1,0.1,0.0,,2.161625708884688
1785424126.155571,08:00:27:34:35:33,4,392,1.0240220228830974,0.0005296075544435796,0,0.0,0,0.0,0.0,0.0001437067985534668,1.0
1785424126.155571,08:00:27:5a:87:bc,0,0,,,0,0.0,0,0.0,0.0,,0.0
1785424126.155571,08:00:27:8a:0d:75,0,0,,,0,0.0,0,0.0,0.0,,0.0
1785424126.155571,08:00:27:9c:f0:f1,0,0,,,0,0.0,0,0.0,0.0,,0.0
1785424126.155571,08:00:27:a5:9e:2d,4,392,1.0240269502003987,0.00044636841302610636,0,0.0,0,0.0,0.0,,1.0
1785424136.155571,08:00:27:34:35:33,10,980,1.0204005506303575,0.006761958187072724,0,0.0,0,0.0,0.0,0.00012731552124023438,1.0
1785424136.155571,08:00:27:5a:87:bc,0,0,,,0,0.0,0,0.0,0.0,,0.0
1785424136.155571,08:00:27:8a:0d:75,0,0,,,0,0.0,0,0.0,0.0,,0.0
1785424136.155571,08:00:27:9c:f0:f1,2,196,1.0107638835906982,0.0,0,0.0,0,0.0,0.0,,1.0
1785424136.155571,08:00:27:a5:9e:2d,8,784,1.0239391326904297,0.0003240236180384949,0,0.0,0,0.0,0.0,,1.0
1785424146.155571,08:00:27:34:35:33,85,11526,0.09787723847797938,0.427909249729807,0,0.0,1,0.1,0.0,9.578466415405273e-05,0.00869009257067203
1785424146.155571,08:00:27:5a:87:bc,0,0,,,0,0.0,0,0.0,0.0,,0.0
1785424146.155571,08:00:27:8a:0d:75,0,0,,,0,0.0,0,0.0,0.0,,0.0
1785424146.155571,08:00:27:9c:f0:f1,140,1327156,0.06313157596176477,0.24295875253801,0,0.0,0,0.0,0.0,0.0001589655876159668,97.77912031238488
1785424146.155571,08:00:27:a5:9e:2d,10,2167,0.9728917810651991,1.3859699628488054,1,0.1,0,0.0,0.0,,2.310234541577825
1785424156.155571,08:00:27:34:35:33,10,942,0.22323711713155112,0.6301474209867152,0,0.0,0,0.0,0.0,,0.7876254180602007
1785424156.155571,08:00:27:5a:87:bc,0,0,,,0,0.0,0,0.0,0.0,,0.0
1785424156.155571,08:00:27:8a:0d:75,0,0,,,0,0.0,0,0.0,0.0,,0.0
1785424156.155571,08:00:27:9c:f0:f1,15,1610,0.6527595009122577,1.694286133169952,1,0.1,1,0.1,0.0,0.00011722246805826823,1.1873156342182891
1785424156.155571,08:00:27:a5:9e:2d,5,414,2.284637212753296,3.332049010847628,1,0.1,1,0.1,0.0,,1.0
1785424166.155571,08:00:27:34:35:33,0,0,,,0,0.0,0,0.0,0.0,,0.0
1785424166.155571,08:00:27:5a:87:bc,0,0,,,0,0.0,0,0.0,0.0,,0.0
1785424166.155571,08:00:27:8a:0d:75,24,3239,0.09721900069195291,0.2831843193989706,0,0.0,0,0.0,0.0,,0.5685448481657013
1785424166.155571,08:00:27:9c:f0:f1,4,392,1.0232713222503662,0.0019246425116046576,0,0.0,0,0.0,0.0,0.00014126300811767578,1.0
1785424166.155571,08:00:27:a5:9e:2d,26,6089,0.3730554389953613,0.8459401799242058,0,0.0,0,0.0,0.0,,1.6769484990360781
1785424176.155571,08:00:27:34:35:33,26,2074,0.16091283798217773,0.46454696896503955,0,0.0,0,0.0,0.0,0.0001671314239501953,0.007836202955389561
1785424176.155571,08:00:27:5a:87:bc,0,0,,,0,0.0,0,0.0,0.0,,0.0
1785424176.155571,08:00:27:8a:0d:75,22,3381,0.39765556653340656,0.3800503501264977,0,0.0,0,0.0,0.0,0.0001174608866373698,1.571096654275093
1785424176.155571,08:00:27:9c:f0:f1,40,265611,0.20997230823223406,0.3647018298133442,0,0.0,1,0.1,0.0,0.00012416309780544706,88.0673076923077
1785424176.155571,08:00:27:a5:9e:2d,33,3094,0.2837768420577049,0.2875470896180749,1,0.1,0,0.0,0.0,0.0012127459049224854,0.715706685172334
1785424186.155571,08:00:27:34:35:33,2,168,0.2881960868835449,0.0,0,0.0,0,0.0,0.5,1.9073486328125e-06,1.7142857142857142
1785424186.155571,08:00:27:5a:87:bc,0,0,,,0,0.0,0,0.0,0.0,,0.0
1785424186.155571,08:00:27:8a:0d:75,29,7742,0.3343330366270883,0.45293141549851496,0,0.0,0,0.0,0.0,0.00011873245239257812,2.7395612172682235
1785424186.155571,08:00:27:9c:f0:f1,3,256,0.44391751289367676,0.41179847717285156,1,0.1,0,0.0,0.0,0.00015997886657714844,1.0
1785424186.155571,08:00:27:a5:9e:2d,35,2984,0.275321083910325,0.4229285192219968,0,0.0,1,0.1,0.0,0.00019959608713785806,0.3777215189873418
1785424196.155571,08:00:27:34:35:33,0,0,,,0,0.0,0,0.0,0.0,,0.0
1785424196.155571,08:00:27:5a:87:bc,0,0,,,0,0.0,0,0.0,0.0,,0.0
1785424196.155571,08:00:27:8a:0d:75,14,2597,0.7096459131974441,0.4692408482146012,0,0.0,0,0.0,0.0,,1.898391812865497
1785424196.155571,08:00:27:9c:f0:f1,13,1172,0.5955097675323486,0.4993935723718708,0,0.0,0,0.0,0.0,7.186617170061384e-05,0.48812994585589337
1785424196.155571,08:00:27:a5:9e:2d,27,3769,0.35482619358943057,0.27145539533225127,0,0.0,0,0.0,0.0,0.00012522273593478731,1.0
1785424206.155571,08:00:27:34:35:33,18,1341,0.00020787295173196231,0.00030536885327515467,0,0.0,0,0.0,0.0,,0.00507433657117126
1785424206.155571,08:00:27:5a:87:bc,0,0,,,0,0.0,0,0.0,0.0,,0.0
1785424206.155571,08:00:27:8a:0d:75,1,98,,,0,0.0,0,0.0,0.0,,1.0
1785424206.155571,08:00:27:9c:f0:f1,32,264565,0.22411864034591183,0.8891111724980394,0,0.0,0,0.0,0.0,0.00012230873107910156,161.81345565749234
1785424206.155571,08:00:27:a5:9e:2d,4,392,0.6829683780670166,0.24186090913532382,0,0.0,0,0.0,0.0,0.00011205673217773438,1.0
1785424216.155571,08:00:27:34:35:33,1,60,,,0,0.0,1,0.1,0.0,,1.0
1785424216.155571,08:00:27:5a:87:bc,0,0,,,0,0.0,0,0.0,0.0,,0.0
1785424216.155571,08:00:27:8a:0d:75,8,682,0.30023142269679476,0.4678834891919587,0,0.0,0,0.0,0.0,7.390975952148438e-05,0.3568812140240712
1785424216.155571,08:00:27:9c:f0:f1,10,840,0.7851179970635308,1.5512763601439539,1,0.1,0,0.0,0.0,0.00026337305704752606,0.4059932334461092
1785424216.155571,08:00:27:a5:9e:2d,15,3920,0.5750148466655186,1.0278650766698616,0,0.0,0,0.0,0.0,,2.6812585499316004
1785424226.155571,08:00:27:34:35:33,0,0,,,0,0.0,0,0.0,0.0,,0.0
1785424226.155571,08:00:27:5a:87:bc,0,0,,,0,0.0,0,0.0,0.0,,0.0
1785424226.155571,08:00:27:8a:0d:75,24,2212,0.4226306521374246,0.34404356577186274,0,0.0,1,0.1,0.0,0.0010117689768473308,0.6428363847718687
1785424226.155571,08:00:27:9c:f0:f1,7,648,0.8508581717809042,0.2999784111381351,0,0.0,1,0.1,0.0,0.00011456012725830078,1.0
1785424226.155571,08:00:27:a5:9e:2d,30,4089,0.33545928165830413,0.32598444116306846,2,0.2,0,0.0,0.0,0.0001378953456878662,1.4297202797202797
1785424236.155571,08:00:27:34:35:33,9,806,0.7671956419944763,0.4114157247746489,1,0.1,1,0.1,0.0,0.00018457004002162388,1.0
1785424236.155571,08:00:27:5a:87:bc,0,0,,,0,0.0,0,0.0,0.0,,0.0
1785424236.155571,08:00:27:8a:0d:75,9,882,1.0199835002422333,0.007039087116453009,0,0.0,0,0.0,0.0,,1.0
1785424236.155571,08:00:27:9c:f0:f1,0,0,,,0,0.0,0,0.0,0.0,,0.0
1785424236.155571,08:00:27:a5:9e:2d,18,1688,0.4919902857612161,0.36516397920437044,1,0.1,1,0.1,0.0,0.0001007450951470269,1.0
1785424246.155571,08:00:27:34:35:33,85,11511,0.11009477433704194,0.41211496178252804,0,0.0,0,0.0,0.0,0.0002018042973109654,0.010838687079166388
1785424246.155571,08:00:27:5a:87:bc,0,0,,,0,0.0,0,0.0,0.0,,0.0
1785424246.155571,08:00:27:8a:0d:75,15,1432,0.6566274847303119,0.4077629697823277,0,0.0,1,0.1,0.0,0.00011903047561645508,1.0
1785424246.155571,08:00:27:9c:f0:f1,97,1061735,0.04361592729886373,0.20227686880605733,0,0.0,0,0.0,0.0,,94.65409646072925
1785424246.155571,08:00:27:a5:9e:2d,18,1726,0.5407506578108844,0.375484450735468,1,0.1,0,0.0,0.0,0.0014484167098999024,1.0
1785424256.155571,08:00:27:34:35:33,25,2002,0.16982812682787576,0.47432326382338996,1,0.1,0,0.0,0.0,0.00014793872833251953,0.007556798665292703
1785424256.155571,08:00:27:5a:87:bc,0,0,,,0,0.0,0,0.0,0.0,,0.0
1785424256.155571,08:00:27:8a:0d:75,15,1432,0.6656041485922677,0.42247062767500265,1,0.1,0,0.0,0.0,0.00018554925918579102,1.0
1785424256.155571,08:00:27:9c:f0:f1,45,265929,0.20579259503971448,0.3832012776552242,1,0.1,2,0.2,0.0,0.0014413462744818793,88.52496671105193
1785424256.155571,08:00:27:a5:9e:2d,26,2434,0.3757090377807617,0.38418570245825245,1,0.1,2,0.2,0.0,0.00045959949493408204,1.0
1785424266.155571,08:00:27:34:35:33,0,0,,,0,0.0,0,0.0,0.0,,0.0
1785424266.155571,08:00:27:5a:87:bc,1,70,,,0,0.0,0,0.0,1.0,,10.0
1785424266.155571,08:00:27:8a:0d:75,5,490,1.0240440368652344,0.0036477277901992822,0,0.0,0,0.0,0.0,,1.0
1785424266.155571,08:00:27:9c:f0:f1,6,588,1.0244810104370117,0.00015352241621798788,0,0.0,0,0.0,0.0,0.00016637643178304037,1.0
1785424266.155571,08:00:27:a5:9e:2d,11,1078,0.5197722911834717,0.4447694328446773,0,0.0,0,0.0,0.0,6.1798095703125e-05,1.0
1785424276.155571,08:00:27:34:35:33,159,22102,0.05262284791922268,0.33465206598972663,0,0.0,0,0.0,0.0,0.00011301040649414062,0.009258549454821319
1785424276.155571,08:00:27:5a:87:bc,0,0,,,0,0.0,0,0.0,0.0,,0.0
1785424276.155571,08:00:27:8a:0d:75,0,0,,,0,0.0,0,0.0,0.0,,0.0
1785424276.155571,08:00:27:9c:f0:f1,215,2387297,0.03885148061770145,0.2831234601155368,0,0.0,0,0.0,0.0,8.416175842285156e-05,107.5359009009009
1785424276.155571,08:00:27:a5:9e:2d,1,98,,,0,0.0,0,0.0,0.0,,1.0
1785424286.155571,08:00:27:34:35:33,10,980,1.0030719969007704,0.059406776631289314,0,0.0,0,0.0,0.0,0.00010943412780761719,1.0
1785424286.155571,08:00:27:5a:87:bc,0,0,,,0,0.0,0,0.0,0.0,,0.0
1785424286.155571,08:00:27:8a:0d:75,0,0,,,0,0.0,0,0.0,0.0,,0.0
1785424286.155571,08:00:27:9c:f0:f1,26,2370,0.3684042453765869,0.3599032226334001,1,0.1,1,0.1,0.0,0.00010167227851019966,0.6585162545151431
1785424286.155571,08:00:27:a5:9e:2d,15,2619,0.5860988582883563,0.4812524812380546,1,0.1,1,0.1,0.0,,1.8841726618705037
1785424296.155571,08:00:27:34:35:33,14,1296,0.7064445385566125,0.38927084699965403,1,0.1,1,0.1,0.0,0.0001536130905151367,1.0
1785424296.155571,08:00:27:5a:87:bc,0,0,,,0,0.0,0,0.0,0.0,,0.0
1785424296.155571,08:00:27:8a:0d:75,8,708,0.7456725665501186,0.42641837704598917,1,0.1,1,0.1,0.0,0.0001462697982788086,1.0
1785424296.155571,08:00:27:9c:f0:f1,15,1368,0.5687567847115653,0.46626987021899513,0,0.0,0,0.0,0.0,8.177757263183594e-05,0.5267616480554486
1785424296.155571,08:00:27:a5:9e:2d,28,3817,0.2716922230190701,0.3054059545456978,2,0.2,2,0.2,0.0,,1.4748840803709429
1785424306.155571,08:00:27:34:35:33,71,10513,0.13185105664389474,0.47693063530286356,0,0.0,1,0.1,0.0,0.0022814273834228516,0.009896721269807798
1785424306.155571,08:00:27:5a:87:bc,0,0,,,0,0.0,0,0.0,0.0,,0.0
1785424306.155571,08:00:27:8a:0d:75,5,490,1.0174777507781982,0.011882130512345572,0,0.0,0,0.0,0.0,0.0001056671142578125,1.0
1785424306.155571,08:00:27:9c:f0:f1,106,1062467,0.04948576291402181,0.19579196492768733,1,0.1,0,0.0,0.0,0.005043745040893555,99.21253151554767
1785424306.155571,08:00:27:a5:9e:2d,11,1078,0.8810719966888427,0.42266799130184124,0,0.0,0,0.0,0.0,,1.0
1785424316.155571,08:00:27:34:35:33,10,980,1.0240098900265164,0.001986919740084433,0,0.0,0,0.0,0.0,0.00012974739074707032,1.0
1785424316.155571,08:00:27:5a:87:bc,0,0,,,0,0.0,0,0.0,0.0,,0.0
1785424316.155571,08:00:27:8a:0d:75,0,0,,,0,0.0,0,0.0,0.0,,0.0
1785424316.155571,08:00:27:9c:f0:f1,26,2344,0.3843245220184326,0.361082757629842,0,0.0,0,0.0,0.0,0.0001207590103149414,0.48812994585589337
1785424316.155571,08:00:27:a5:9e:2d,14,3822,0.7043543778933011,1.327262596587735,0,0.0,0,0.0,0.0,,2.802052785923754
1785424326.155571,08:00:27:34:35:33,14,1372,0.5517259377699631,0.1511727187888219,0,0.0,0,0.0,0.0,0.001430600881576538,1.0
1785424326.155571,08:00:27:5a:87:bc,0,0,,,0,0.0,0,0.0,0.0,,0.0
1785424326.155571,08:00:27:8a:0d:75,0,0,,,0,0.0,0,0.0,0.0,,0.0
1785424326.155571,08:00:27:9c:f0:f1,18,1764,0.5661228264079374,0.17821067427651502,0,0.0,0,0.0,0.0,0.00011796951293945313,1.0
1785424326.155571,08:00:27:a5:9e:2d,4,392,1.0201366742451985,0.006149754737588482,0,0.0,0,0.0,0.0,,1.0
1785424336.155571,08:00:27:34:35:33,12,1138,0.7826850847764448,0.33119023316630136,0,0.0,1,0.1,0.0,0.000102996826171875,1.0
1785424336.155571,08:00:27:5a:87:bc,0,0,,,0,0.0,0,0.0,0.0,,0.0
1785424336.155571,08:00:27:8a:0d:75,3,294,1.0281165838241577,0.0038524866104125977,0,0.0,0,0.0,0.0,,1.0
1785424336.155571,08:00:27:9c:f0:f1,21,1816,0.2782983422279358,0.33596123715202114,1,0.1,0,0.0,0.0,0.00012505054473876953,0.42489471221338326
1785424336.155571,08:00:27:a5:9e:2d,16,4018,0.4714006106058756,0.8515665939407333,0,0.0,0,0.0,0.0,0.00018858909606933594,2.575641025641026
1785424346.155571,08:00:27:34:35:33,111,13361,0.07441658973693847,0.3713024691370592,1,0.1,1,0.1,0.0,0.00015795230865478516,0.008400603339492895
1785424346.155571,08:00:27:5a:87:bc,0,0,,,0,0.0,0,0.0,0.0,,0.0
1785424346.155571,08:00:27:8a:0d:75,7,610,0.6826313336690267,0.4432123929643363,1,0.1,1,0.1,0.0,,1.0
1785424346.155571,08:00:27:9c:f0:f1,155,1590165,0.02697653275031548,0.2534832734468635,0,0.0,0,0.0,0.0,,121.89842851667305
1785424346.155571,08:00:27:a5:9e:2d,11,926,0.46280360221862793,0.3257168637972493,2,0.2,2,0.2,0.0,0.0001384735107421875,1.0
1785424356.155571,08:00:27:34:35:33,0,0,,,0,0.0,0,0.0,0.0,,0.0
1785424356.155571,08:00:27:5a:87:bc,0,0,,,0,0.0,0,0.0,0.0,,0.0
1785424356.155571,08:00:27:8a:0d:75,0,0,,,0,0.0,0,0.0,0.0,,0.0
1785424356.155571,08:00:27:9c:f0:f1,6,486,0.007372808456420898,0.014368595717302408,0,0.0,0,0.0,0.0,,0.28338192419825076
1785424356.155571,08:00:27:a5:9e:2d,5,1715,0.009234011173248291,0.015380122663067828,0,0.0,0,0.0,0.0,,3.52880658436214
1785424366.155571,08:00:27:34:35:33,86,11704,0.07270855342640596,0.4006393716384692,0,0.0,0,0.0,0.0,,0.01101013056186096
1785424366.155571,08:00:27:5a:87:bc,0,0,,,0,0.0,0,0.0,0.0,,0.0
1785424366.155571,08:00:27:8a:0d:75,5,1715,0.004290759563446045,0.007073814344251066,0,0.0,0,0.0,0.0,,3.52880658436214
1785424366.155571,08:00:27:9c:f0:f1,116,1063823,0.07355435827504034,0.3251655826701048,1,0.1,1,0.1,0.0,0.00011098384857177734,77.45344011649071
1785424366.155571,08:00:27:a5:9e:2d,15,2517,0.6436113630022321,1.2088005775966988,1,0.1,1,0.1,0.0,,1.0
1785424376.155571,08:00:27:34:35:33,33,2728,0.28658484667539597,0.4577910276219923,0,0.0,0,0.0,0.0,0.00015407800674438477,0.010286925272727959
1785424376.155571,08:00:27:5a:87:bc,0,0,,,0,0.0,0,0.0,0.0,,0.0
1785424376.155571,08:00:27:8a:0d:75,0,0,,,0,0.0,0,0.0,0.0,,0.0
1785424376.155571,08:00:27:9c:f0:f1,48,266261,0.19512040057080857,0.36905615030715117,0,0.0,0,0.0,0.0,0.00010991096496582031,42.560901534526856
1785424376.155571,08:00:27:a5:9e:2d,11,3528,0.8075166940689087,2.090944334961041,0,0.0,0,0.0,0.0,,3.297196261682243
1785424386.155571,08:00:27:34:35:33,14,1315,0.7039684515732986,0.6107881430424336,0,0.0,1,0.1,0.0,0.00019177794456481934,0.9119278779472955
1785424386.155571,08:00:27:5a:87:bc,0,0,,,0,0.0,0,0.0,0.0,,0.0
1785424386.155571,08:00:27:8a:0d:75,0,0,,,0,0.0,0,0.0,0.0,,0.0
1785424386.155571,08:00:27:9c:f0:f1,12,1284,0.7533313577825372,0.6305992288916824,0,0.0,0,0.0,0.0,0.00011833508809407552,1.1097666378565254
1785424386.155571,08:00:27:a5:9e:2d,14,1334,0.47210583320030797,0.36097102624253063,1,0.1,0,0.0,0.0,,1.0
1785424396.155571,08:00:27:34:35:33,10,942,0.9061119026607938,0.27896350944845905,1,0.1,0,0.0,0.0,0.00012559360928005644,1.0
1785424396.155571,08:00:27:5a:87:bc,0,0,,,0,0.0,0,0.0,0.0,,0.0
1785424396.155571,08:00:27:8a:0d:75,17,1488,0.5222883224487305,0.4761720087054518,1,0.1,1,0.1,0.0,,0.5476628634523372
1785424396.155571,08:00:27:9c:f0:f1,7,658,0.8503608703613281,0.24520916954271996,0,0.0,0,0.0,0.14285714285714285,0.00012302398681640625,1.119047619047619
1785424396.155571,08:00:27:a5:9e:2d,32,4247,0.2731885448578865,0.3603761160927687,1,0.1,2,0.2,0.0,0.00012305047776963975,1.407223326706428
1785424406.155571,08:00:27:34:35:33,10,980,1.0231191317240398,0.0015834323621883408,0,0.0,0,0.0,0.0,0.0001514911651611328,1.0
1785424406.155571,08:00:27:5a:87:bc,0,0,,,0,0.0,0,0.0,0.0,,0.0
1785424406.155571,08:00:27:8a:0d:75,20,3083,0.4848549993414628,0.48075593795371563,0,0.0,0,0.0,0.0,,1.0
1785424406.155571,08:00:27:9c:f0:f1,2,120,2.9882349967956543,0.0,1,0.1,1,0.1,0.0,,1.0
1785424406.155571,08:00:27:a5:9e:2d,32,4183,0.29859006789422804,0.4081428851809744,1,0.1,1,0.1,0.0,8.230739169650608e-05,1.0
1785424416.155571,08:00:27:34:35:33,10,904,1.007885562049018,0.4543900094539893,0,0.0,2,0.2,0.0,0.00019699335098266602,1.0
1785424416.155571,08:00:27:5a:87:bc,0,0,,,0,0.0,0,0.0,0.0,,0.0
1785424416.155571,08:00:27:8a:0d:75,11,1078,0.918378496170044,0.22657667798318604,0,0.0,0,0.0,0.0,0.000141143798828125,1.0
1785424416.155571,08:00:27:9c:f0:f1,12,1036,0.45608008991588245,0.46713923484513115,1,0.1,0,0.0,0.0,,0.4573951434878587
1785424416.155571,08:00:27:a5:9e:2d,20,3147,0.4833560617346513,0.4641242017650207,1,0.1,0,0.0,0.0,0.0001363039016723633,1.640771637122002
1785424426.155571,08:00:27:34:35:33,0,0,,,0,0.0,0,0.0,0.0,,0.0
1785424426.155571,08:00:27:5a:87:bc,0,0,,,0,0.0,0,0.0,0.0,,0.0
1785424426.155571,08:00:27:8a:0d:75,20,1960,0.5013974214854994,0.16413031849590068,0,0.0,0,0.0,0.0,0.0001071929931640625,1.0
1785424426.155571,08:00:27:9c:f0:f1,1,60,,,1,0.1,0,0.0,0.0,,1.0
1785424426.155571,08:00:27:a5:9e:2d,21,2020,0.4763139009475708,0.19883230385746334,0,0.0,1,0.1,0.0,0.01293036937713623,1.0
1785424436.155571,08:00:27:34:35:33,74,10787,0.09953727460887334,0.2971180947257201,1,0.1,0,0.0,0.0,0.00011297634669712611,0.010153722482489606
1785424436.155571,08:00:27:5a:87:bc,0,0,,,0,0.0,0,0.0,0.0,,0.0
1785424436.155571,08:00:27:8a:0d:75,16,1326,0.2796717325846354,0.44690965408512,0,0.0,1,0.1,0.0,0.001604000727335612,0.35042283298097254
1785424436.155571,08:00:27:9c:f0:f1,109,1062761,0.06728036094594884,0.20824063720789887,0,0.0,1,0.1,0.0,0.00011831521987915039,95.06762680025047
1785424436.155571,08:00:27:a5:9e:2d,18,4176,0.5275860533994787,0.5682333030510697,1,0.1,0,0.0,0.0,,2.430733410942957
1785424446.155571,08:00:27:34:35:33,10,942,1.0168393452962239,0.47263188568470654,1,0.1,0,0.0,0.0,0.0004534191555447049,1.0
1785424446.155571,08:00:27:5a:87:bc,0,0,,,0,0.0,0,0.0,0.0,,0.0
1785424446.155571,08:00:27:8a:0d:75,5,1715,0.007801532745361328,0.013016115517271006,0,0.0,0,0.0,0.0,,3.52880658436214
1785424446.155571,08:00:27:9c:f0:f1,4,354,0.8706233501434326,0.21664086882944408,0,0.0,1,0.1,0.0,,1.0
1785424446.155571,08:00:27:a5:9e:2d,14,1194,0.5032665362724891,0.5330366447554006,1,0.1,1,0.1,0.0,,0.49277754849360295
1785424456.155571,08:00:27:34:35:33,10,942,1.0107223457760282,0.037855031539020964,0,0.0,1,0.1,0.0,0.0022364722357855905,1.0
1785424456.155571,08:00:27:5a:87:bc,0,0,,,0,0.0,0,0.0,0.0,,0.0
1785424456.155571,08:00:27:8a:0d:75,7,686,1.0245301723480225,0.0008247741700424979,0,0.0,0,0.0,0.0,0.00011457715715680803,1.0
1785424456.155571,08:00:27:9c:f0:f1,15,1368,0.6557959999356952,0.4851435383887211,0,0.0,0,0.0,0.0,0.00011761983235677083,0.5267616480554486
1785424456.155571,08:00:27:a5:9e:2d,31,4225,0.32208863894144696,0.1789734335035686,1,0.1,0,0.0,0.0,,1.4102136181575433
1785424466.155571,08:00:27:34:35:33,59,4449,0.15657250223488645,0.5840090724134751,0,0.0,0,0.0,0.0,7.836023966471355e-05,0.0056156587133590575
1785424466.155571,08:00:27:5a:87:bc,0,0,,,0,0.0,0,0.0,0.0,,0.0
1785424466.155571,08:00:27:8a:0d:75,10,980,1.0250554349687364,0.0030582557945749897,0,0.0,0,0.0,0.0,0.0001323223114013672,1.0
1785424466.155571,08:00:27:9c:f0:f1,77,792249,0.11481242117128874,0.4891731704461073,0,0.0,0,0.0,0.0,0.00012270609537760416,178.0734996628456
1785424466.155571,08:00:27:a5:9e:2d,16,1568,0.6526584625244141,0.3559594988964272,0,0.0,0,0.0,0.0,,1.0
1785424476.155571,08:00:27:34:35:33,12,1157,0.6498167298056863,0.49084746298072696,0,0.0,0,0.0,0.0,0.00013365064348493303,0.9010903426791277
1785424476.155571,08:00:27:5a:87:bc,0,0,,,0,0.0,0,0.0,0.0,,0.0
1785424476.155571,08:00:27:8a:0d:75,14,1270,0.6306653022766113,0.49488886632975543,0,0.0,0,0.0,0.0,8.085370063781738e-05,0.508203281312525
1785424476.155571,08:00:27:9c:f0:f1,12,1284,0.64981670813127,0.49085664757348485,0,0.0,0,0.0,0.0,,1.1097666378565254
1785424476.155571,08:00:27:a5:9e:2d,13,2499,0.6832147638003031,0.47899366224760853,0,0.0,0,0.0,0.0,,1.9677165354330708
1785424486.155571,08:00:27:34:35:33,33,2773,0.2845233753323555,0.5763985503051775,0,0.0,0,0.0,0.0,0.0001746654510498047,0.01042908560274699
1785424486.155571,08:00:27:5a:87:bc,0,0,,,0,0.0,0,0.0,0.0,,0.0
1785424486.155571,08:00:27:8a:0d:75,10,980,1.0250453419155545,0.003826639393519268,0,0.0,0,0.0,0.0,0.0001207590103149414,1.0
1785424486.155571,08:00:27:9c:f0:f1,44,265887,0.14486960477607194,0.5264832473013313,0,0.0,0,0.0,0.0,,66.50500250125063
1785424486.155571,08:00:27:a5:9e:2d,20,3185,0.48971494875456156,0.45749429977623546,0,0.0,0,0.0,0.0,,1.628323108384458
1785424496.155571,08:00:27:34:35:33,11,1040,0.9259503841400146,0.29398200287536297,0,0.0,1,0.1,0.0,0.0001340150833129883,1.0
1785424496.155571,08:00:27:5a:87:bc,0,0,,,0,0.0,0,0.0,0.0,,0.0
1785424496.155571,08:00:27:8a:0d:75,16,2755,0.615242067972819,0.4739781636936691,0,0.0,1,0.1,0.0,8.594989776611328e-05,1.7305276381909547
1785424496.155571,08:00:27:9c:f0:f1,8,606,0.290748017174857,0.6512611939534096,1,0.1,1,0.1,0.0,,0.3302452316076294
1785424496.155571,08:00:27:a5:9e:2d,36,4467,0.2655469145093645,0.3775395910529445,3,0.3,1,0.1,0.0,,1.0149965916837083
1785424506.155571,08:00:27:34:35:33,34,2833,0.2758624264688203,0.616208535808173,1,0.1,0,0.0,0.0,0.00016417503356933594,0.010654982417210449
1785424506.155571,08:00:27:5a:87:bc,0,0,,,0,0.0,0,0.0,0.0,,0.0
1785424506.155571,08:00:27:8a:0d:75,4,392,1.0250140031178792,0.0012029016717290876,0,0.0,0,0.0,0.0,0.00013208389282226562,1.0
1785424506.155571,08:00:27:9c:f0:f1,43,265821,0.0993919259025937,0.38292246065457247,0,0.0,0,0.0,0.0,,66.48849424712355
1785424506.155571,08:00:27:a5:9e:2d,15,2657,0.6550940615790231,1.5322289558162274,0,0.0,1,0.1,0.0,,1.8606442577030813
1785424516.155571,08:00:27:34:35:33,10,942,0.9102956453959147,0.2931542657546067,0,0.0,1,0.1,0.0,0.0014535850948757595,1.0
1785424516.155571,08:00:27:5a:87:bc,0,0,,,0,0.0,0,0.0,0.0,,0.0
1785424516.155571,08:00:27:8a:0d:75,0,0,,,0,0.0,0,0.0,0.0,,0.0
1785424516.155571,08:00:27:9c:f0:f1,6,588,1.0218589782714844,0.005548214681637975,0,0.0,0,0.0,0.0,0.00010236104329427083,1.0
1785424516.155571,08:00:27:a5:9e:2d,16,1530,0.5561506748199463,0.3868960879331043,1,0.1,0,0.0,0.0,,1.0
1785424526.155571,08:00:27:34:35:33,8,784,1.0239438670022147,0.003045824310274501,0,0.0,0,0.0,0.0,0.0001512467861175537,1.0
1785424526.155571,08:00:27:5a:87:bc,0,0,,,0,0.0,0,0.0,0.0,,0.0
1785424526.155571,08:00:27:8a:0d:75,0,0,,,0,0.0,0,0.0,0.0,,0.0
1785424526.155571,08:00:27:9c:f0:f1,3,294,1.0179170370101929,0.006492972373962402,0,0.0,0,0.0,0.0,0.00010927518208821614,1.0
1785424526.155571,08:00:27:a5:9e:2d,11,1078,0.979764199256897,0.1285999718201991,0,0.0,0,0.0,0.0,,1.0
1785424536.155571,08:00:27:34:35:33,33,2517,0.254407063126564,0.6130002110593792,0,0.0,1,0.1,0.0,0.00011662642161051433,0.009503384896527507
1785424536.155571,08:00:27:5a:87:bc,0,0,,,0,0.0,0,0.0,0.0,,0.0
1785424536.155571,08:00:27:8a:0d:75,0,0,,,0,0.0,0,0.0,0.0,,0.0
1785424536.155571,08:00:27:9c:f0:f1,42,265463,0.19856141253215512,0.49197097357664177,2,0.2,1,0.1,0.0,0.002691841125488281,84.89382795011193
1785424536.155571,08:00:27:a5:9e:2d,7,610,0.6830734809239706,0.4468428302208582,1,0.1,1,0.1,0.0,,1.0
1785424546.155571,08:00:27:34:35:33,8,746,0.876382861818586,0.34955535398718013,0,0.0,1,0.1,0.0,0.002259969711303711,1.0
1785424546.155571,08:00:27:5a:87:bc,0,0,,,0,0.0,0,0.0,0.0,,0.0
1785424546.155571,08:00:27:8a:0d:75,5,490,0.7698277235031128,0.440067303247388,0,0.0,0,0.0,0.0,7.724761962890625e-05,1.0
1785424546.155571,08:00:27:9c:f0:f1,0,0,,,0,0.0,0,0.0,0.0,,0.0
1785424546.155571,08:00:27:a5:9e:2d,13,1236,0.7069321672121683,0.41070160694573493,1,0.1,0,0.0,0.0,0.000102996826171875,1.0
1785424556.155571,08:00:27:34:35:33,13,1217,0.7632336616516113,0.8316064952938361,1,0.1,0,0.0,0.0,0.00011818749564034598,0.9055059523809523
1785424556.155571,08:00:27:5a:87:bc,0,0,,,0,0.0,0,0.0,0.0,,0.0
1785424556.155571,08:00:27:8a:0d:75,20,1884,0.45021078461094904,0.36631107952394826,1,0.1,1,0.1,0.0,0.0001251697540283203,1.0
1785424556.155571,08:00:27:9c:f0:f1,12,1284,0.8326157439838756,0.8380988769178958,0,0.0,0,0.0,0.0,,1.1097666378565254
1785424556.155571,08:00:27:a5:9e:2d,21,1944,0.42769814729690553,0.338821219708884,1,0.1,2,0.2,0.0,0.0003734429677327474,1.0
1785424566.155571,08:00:27:34:35:33,9,882,1.0245585143566132,0.001576007716307857,0,0.0,0,0.0,0.0,0.009572505950927734,1.0
1785424566.155571,08:00:27:5a:87:bc,0,0,,,0,0.0,0,0.0,0.0,,0.0
1785424566.155571,08:00:27:8a:0d:75,25,2348,0.4000923732916514,0.2311001020354941,0,0.0,0,0.0,0.0,0.0001327991485595703,0.6564159910539559
1785424566.155571,08:00:27:9c:f0:f1,5,490,1.0138399600982666,0.006922695888864563,0,0.0,0,0.0,0.0,0.0019498348236083984,1.0
1785424566.155571,08:00:27:a5:9e:2d,38,4949,0.26497037990673167,0.1393102502128703,0,0.0,0,0.0,0.0,9.808540344238281e-05,1.3303763440860215
1785424576.155571,08:00:27:34:35:33,144,20976,0.05173300029514553,0.24717488234935753,0,0.0,1,0.1,0.0,0.00012259483337402345,0.009878226929847448
1785424576.155571,08:00:27:5a:87:bc,0,0,,,0,0.0,0,0.0,0.0,,0.0
1785424576.155571,08:00:27:8a:0d:75,22,2054,0.4373229912349156,0.2937816734838189,0,0.0,0,0.0,0.0,0.00011134147644042969,0.6256472738349071
1785424576.155571,08:00:27:9c:f0:f1,196,2123518,0.042264415056277545,0.25511312277541875,1,0.1,1,0.1,0.0,9.784698486328124e-05,100.94685301388097
1785424576.155571,08:00:27:a5:9e:2d,34,4443,0.2860703034834428,0.2448637801264619,2,0.2,1,0.1,0.0,0.00012290477752685547,1.382389545737399
1785424586.155571,08:00:27:34:35:33,1,98,,,0,0.0,0,0.0,0.0,0.00011992454528808594,1.0
1785424586.155571,08:00:27:5a:87:bc,0,0,,,0,0.0,0,0.0,0.0,,0.0
1785424586.155571,08:00:27:8a:0d:75,21,6958,0.2083965539932251,0.40160340696170804,0,0.0,0,0.0,0.0,,3.407443682664055
1785424586.155571,08:00:27:9c:f0:f1,1,98,,,0,0.0,0,0.0,0.0,,1.0
1785424586.155571,08:00:27:a5:9e:2d,25,2042,0.17366441090901694,0.3746843551966467,0,0.0,0,0.0,0.0,8.678436279296875e-05,0.2934751365334866
1785424596.155571,08:00:27:34:35:33,11,1040,0.9364654064178467,0.2626691101507652,0,0.0,1,0.1,0.0,0.00012345314025878905,1.0
1785424596.155571,08:00:27:5a:87:bc,0,0,,,0,0.0,0,0.0,0.0,,0.0
1785424596.155571,08:00:27:8a:0d:75,0,0,,,0,0.0,0,0.0,0.0,,0.0
1785424596.155571,08:00:27:9c:f0:f1,11,1040,0.9353140830993653,0.2661084024466406,1,0.1,0,0.0,0.0,,1.0
1785424596.155571,08:00:27:a5:9e:2d,0,0,,,0,0.0,0,0.0,0.0,,0.0
1785424606.155571,08:00:27:34:35:33,14,1277,0.7055332293877234,0.8165736939895883,1,0.1,1,0.1,0.0,0.00014216559273856028,0.9095441595441596
1785424606.155571,08:00:27:5a:87:bc,0,0,,,0,0.0,0,0.0,0.0,,0.0
1785424606.155571,08:00:27:8a:0d:75,5,1715,0.005917251110076904,0.00982646403334095,0,0.0,0,0.0,0.0,,3.52880658436214
1785424606.155571,08:00:27:9c:f0:f1,10,1088,0.9685962200164795,1.3883813349068796,0,0.0,0,0.0,0.0,0.0001277923583984375,1.1321540062434963
1785424606.155571,08:00:27:a5:9e:2d,18,1586,0.30341053009033203,0.3081860595607975,1,0.1,1,0.1,0.0,,0.5634103019538188
1785424616.155571,08:00:27:34:35:33,40,3241,0.24535033030387682,0.36673685955191343,0,0.0,0,0.0,0.0,0.00014829635620117188,0.012203617030089202
1785424616.155571,08:00:27:5a:87:bc,0,0,,,0,0.0,0,0.0,0.0,,0.0
1785424616.155571,08:00:27:8a:0d:75,16,1364,0.3575570106506348,0.5023637202592032,0,0.0,0,0.0,0.0,0.0001304149627685547,0.3568812140240712
1785424616.155571,08:00:27:9c:f0:f1,36,264913,0.14598702703203473,0.32367156713606715,1,0.1,1,0.1,0.0,0.0001538991928100586,102.79899107489328
1785424616.155571,08:00:27:a5:9e:2d,24,4726,0.3731967780901038,0.35364519938786465,1,0.1,1,0.1,0.0,,2.083774250440917
1785424626.155571,08:00:27:34:35:33,11,1078,0.8528142929077148,0.2719856075816674,0,0.0,0,0.0,0.0,0.00011057323879665798,1.0
1785424626.155571,08:00:27:5a:87:bc,0,0,,,0,0.0,0,0.0,0.0,,0.0
1785424626.155571,08:00:27:8a:0d:75,10,980,1.0221267806159124,0.007164943206330757,0,0.0,0,0.0,0.0,0.00010712146759033203,1.0
1785424626.155571,08:00:27:9c:f0:f1,2,196,1.007983922958374,0.0,0,0.0,0,0.0,0.0,9.000301361083984e-05,1.0
1785424626.155571,08:00:27:a5:9e:2d,19,1862,0.5110581186082628,0.014957481272354417,0,0.0,0,0.0,0.0,,1.0
1785424636.155571,08:00:27:34:35:33,19,1786,0.5296058919694688,0.23573427784065198,0,0.0,2,0.2,0.0,0.00012922286987304688,1.0
1785424636.155571,08:00:27:5a:87:bc,0,0,,,0,0.0,0,0.0,0.0,,0.0
1785424636.155571,08:00:27:8a:0d:75,20,1756,0.49403621021069977,0.5164455541035564,0,0.0,0,0.0,0.0,0.00010520219802856445,0.4167062173706692
1785424636.155571,08:00:27:9c:f0:f1,15,1432,0.6563476494380406,0.25497942257778067,1,0.1,0,0.0,0.0,0.00015057457817925347,1.0
1785424636.155571,08:00:27:a5:9e:2d,23,4638,0.449365496635437,0.394821375687219,1,0.1,0,0.0,0.043478260869565216,,2.1981042654028435
1785424646.155571,08:00:27:34:35:33,9,882,1.1439449787139893,0.3262391457150316,0,0.0,0,0.0,0.0,0.00028893682691786025,1.0
1785424646.155571,08:00:27:5a:87:bc,0,0,,,0,0.0,0,0.0,0.0,,0.0
1785424646.155571,08:00:27:8a:0d:75,14,1270,0.628464937210083,0.4945871562596099,0,0.0,0,0.0,0.0,0.00014290213584899902,0.508203281312525
1785424646.155571,08:00:27:9c:f0:f1,9,882,1.1439321339130402,0.3267553611373829,0,0.0,0,0.0,0.0,,1.0
1785424646.155571,08:00:27:a5:9e:2d,13,2499,0.6808495918909708,0.47893743133061634,0,0.0,0,0.0,0.0,,1.9677165354330708
1785424656.155571,08:00:27:34:35:33,8,784,1.3074144295283727,0.6934083424107267,0,0.0,0,0.0,0.0,0.001104116439819336,1.0
1785424656.155571,08:00:27:5a:87:bc,0,0,,,0,0.0,0,0.0,0.0,,0.0
1785424656.155571,08:00:27:8a:0d:75,15,1266,0.29459205695561,0.45754908892470114,0,0.0,0,0.0,0.0,8.400281270345052e-05,0.3399570354457572
1785424656.155571,08:00:27:9c:f0:f1,4,392,1.023886998494466,0.00025072086391943763,0,0.0,0,0.0,0.0,,1.0
1785424656.155571,08:00:27:a5:9e:2d,17,4116,0.5874468684196472,0.6439526843607224,0,0.0,0,0.0,0.0,,2.482509047044632
1785424666.155571,08:00:27:34:35:33,16,1492,0.5461692651112874,0.4891654159952939,2,0.2,0,0.0,0.0,0.0001342561509874132,1.0
1785424666.155571,08:00:27:5a:87:bc,0,0,,,0,0.0,0,0.0,0.0,,0.0
1785424666.155571,08:00:27:8a:0d:75,0,0,,,0,0.0,0,0.0,0.0,,0.0
1785424666.155571,08:00:27:9c:f0:f1,14,1156,0.47070030065683216,0.4978932133327497,1,0.1,2,0.2,0.0,0.0001148223876953125,0.4846960167714885
1785424666.155571,08:00:27:a5:9e:2d,17,2777,0.5120360106229782,0.4953333775313334,1,0.1,2,0.2,0.0,,1.7939276485788114
1785424676.155571,08:00:27:34:35:33,16,4271,0.6065855344136556,0.8033912469726093,0,0.0,1,0.1,0.0,0.00011583169301350911,1.1331918280711064
1785424676.155571,08:00:27:5a:87:bc,0,0,,,0,0.0,0,0.0,0.0,,0.0
1785424676.155571,08:00:27:8a:0d:75,0,0,,,0,0.0,0,0.0,0.0,,0.0
1785424676.155571,08:00:27:9c:f0:f1,7,3181,1.5160668293635051,3.381959866617648,1,0.1,0,0.0,0.0,,0.8636980722237306
1785424676.155571,08:00:27:a5:9e:2d,6,588,1.024812602996826,0.0009821776058723853,0,0.0,0,0.0,0.0,,1.0
1785424686.155571,08:00:27:34:35:33,94,9297,0.09942526971140216,0.3009948566749443,0,0.0,0,0.0,0.0,8.910894393920898e-05,0.007027758018953857
1785424686.155571,08:00:27:5a:87:bc,0,0,,,0,0.0,0,0.0,0.0,,0.0
1785424686.155571,08:00:27:8a:0d:75,0,0,,,0,0.0,0,0.0,0.0,,0.0
1785424686.155571,08:00:27:9c:f0:f1,120,1323093,0.08245881665654543,0.2647025159399917,0,0.0,0,0.0,0.0,9.799003601074219e-05,139.37564521226167
1785424686.155571,08:00:27:a5:9e:2d,2,196,1.0246779918670654,0.0,0,0.0,0,0.0,0.0,,1.0
1785424696.155571,08:00:27:34:35:33,8,784,1.3074414389474052,0.6928106534902961,0,0.0,0,0.0,0.0,8.875131607055664e-05,1.0
1785424696.155571,08:00:27:5a:87:bc,0,0,,,0,0.0,0,0.0,0.0,,0.0
1785424696.155571,08:00:27:8a:0d:75,20,6860,0.16559426408064992,0.36558353920078224,0,0.0,0,0.0,0.0,,3.52880658436214
1785424696.155571,08:00:27:9c:f0:f1,11,1040,0.6713461875915527,0.23558925260635316,1,0.1,0,0.0,0.0,0.0001483758290608724,1.0
1785424696.155571,08:00:27:a5:9e:2d,35,2984,0.25251296688528624,0.3632623226663301,0,0.0,1,0.1,0.0,,0.3777215189873418
1785424706.155571,08:00:27:34:35:33,11,1040,0.9211486101150512,0.27311854306763483,0,0.0,1,0.1,0.0,0.00012049674987792968,1.0
1785424706.155571,08:00:27:5a:87:bc,0,0,,,0,0.0,0,0.0,0.0,,0.0
1785424706.155571,08:00:27:8a:0d:75,0,0,,,0,0.0,0,0.0,0.0,,0.0
1785424706.155571,08:00:27:9c:f0:f1,0,0,,,0,0.0,0,0.0,0.0,,0.0
1785424706.155571,08:00:27:a5:9e:2d,11,1040,0.9211557149887085,0.27312488535256735,1,0.1,0,0.0,0.0,,1.0
1785424716.155571,08:00:27:34:35:33,16,1435,0.6098684628804525,0.5990901801835155,2,0.2,1,0.1,0.0,0.002228766679763794,0.9186939820742638
1785424716.155571,08:00:27:5a:87:bc,0,0,,,0,0.0,0,0.0,0.0,,0.0
1785424716.155571,08:00:27:8a:0d:75,0,0,,,0,0.0,0,0.0,0.0,,0.0
1785424716.155571,08:00:27:9c:f0:f1,24,2244,0.2658108731974726,0.31952150917007077,1,0.1,2,0.2,0.0,0.0001476287841796875,0.6706515242080096
1785424716.155571,08:00:27:a5:9e:2d,15,2619,0.6011785779680524,0.5046611870358876,1,0.1,1,0.1,0.0,,1.8841726618705037
1785424726.155571,08:00:27:34:35:33,41,3140,0.20236362218856813,0.603863854039632,0,0.0,0,0.0,0.0,0.0001061558723449707,0.005941658214626319
1785424726.155571,08:00:27:5a:87:bc,0,0,,,0,0.0,0,0.0,0.0,,0.0
1785424726.155571,08:00:27:8a:0d:75,8,682,0.2937142848968506,0.45615830617965764,0,0.0,0,0.0,0.0,6.151199340820312e-05,0.3568812140240712
1785424726.155571,08:00:27:9c:f0:f1,60,528962,0.14957539105819442,0.4718937094263506,0,0.0,0,0.0,0.0,8.902549743652343e-05,145.71955922865013
1785424726.155571,08:00:27:a5:9e:2d,12,2401,0.8510757142847235,0.8833281171084342,0,0.0,0,0.0,0.0,,2.0486348122866893
1785424736.155571,08:00:27:34:35:33,87,11857,0.09289559098177178,0.23243545728683254,1,0.1,0,0.0,0.0,0.00017612321036202566,0.011153535370638462
1785424736.155571,08:00:27:5a:87:bc,0,0,,,0,0.0,0,0.0,0.0,,0.0
1785424736.155571,08:00:27:8a:0d:75,8,682,0.2938088689531599,0.45766638390352127,0,0.0,0,0.0,0.0,0.00015652179718017578,0.3568812140240712
1785424736.155571,08:00:27:9c:f0:f1,104,1062325,0.06962908818883803,0.2484099143198231,0,0.0,0,0.0,0.0,0.00011166930198669434,95.61020610206101
1785424736.155571,08:00:27:a5:9e:2d,15,2657,0.6220849922725132,0.4631011759279135,0,0.0,1,0.1,0.0,,1.8606442577030813
1785424746.155571,08:00:27:34:35:33,10,980,1.024426778157552,0.0010687168471588606,0,0.0,0,0.0,0.0,0.0011553049087524414,1.0
1785424746.155571,08:00:27:5a:87:bc,0,0,,,0,0.0,0,0.0,0.0,,0.0
1785424746.155571,08:00:27:8a:0d:75,8,2009,0.440274851662772,0.5015568537044933,0,0.0,0,0.0,0.0,,2.575641025641026
1785424746.155571,08:00:27:9c:f0:f1,3,294,1.028417944908142,0.004210114479064941,0,0.0,0,0.0,0.0,9.1552734375e-05,1.0
1785424746.155571,08:00:27:a5:9e:2d,22,2054,0.46265456790015813,0.4121517282142018,0,0.0,0,0.0,0.0,0.00011070569356282552,0.6256472738349071
1785424756.155571,08:00:27:34:35:33,2,158,2.0641469955444336,0.0,0,0.0,1,0.1,0.0,9.202957153320312e-05,1.0
1785424756.155571,08:00:27:5a:87:bc,0,0,,,0,0.0,0,0.0,0.0,,0.0
1785424756.155571,08:00:27:8a:0d:75,4,392,1.0237967173258464,0.00045485842576675436,0,0.0,0,0.0,0.0,,1.0
1785424756.155571,08:00:27:9c:f0:f1,5,452,0.7685210108757019,0.44130032836652155,1,0.1,0,0.0,0.0,0.00011605024337768555,1.0
1785424756.155571,08:00:27:a5:9e:2d,11,1002,0.3568198919296265,0.23053698190877928,1,0.1,1,0.1,0.0,0.00031870603561401367,1.0
1785424766.155571,08:00:27:34:35:33,5,471,0.0004564523696899414,0.0004722529982694451,0,0.0,0,0.0,0.0,,0.7876254180602007
1785424766.155571,08:00:27:5a:87:bc,0,0,,,0,0.0,0,0.0,0.0,,0.0
1785424766.155571,08:00:27:8a:0d:75,1,98,,,0,0.0,0,0.0,0.0,0.00011181831359863281,1.0
1785424766.155571,08:00:27:9c:f0:f1,19,1766,0.33773761325412327,0.9366949623206731,0,0.0,0,0.0,0.0,0.0001220703125,0.4310471076397364
1785424766.155571,08:00:27:a5:9e:2d,13,3724,0.507966419061025,1.1199988982662978,0,0.0,0,0.0,0.0,,2.941548183254344
1785424776.155571,08:00:27:34:35:33,9,806,0.7651432454586029,0.4081597225118264,1,0.1,1,0.1,0.0,4.526547023228237e-05,1.0
1785424776.155571,08:00:27:5a:87:bc,0,0,,,0,0.0,0,0.0,0.0,,0.0
1785424776.155571,08:00:27:8a:0d:75,22,3381,0.4058021931421189,0.37800568370011806,0,0.0,0,0.0,0.0,0.0004127820332845052,1.571096654275093
1785424776.155571,08:00:27:9c:f0:f1,21,1880,0.3178898930549622,0.3264474457275214,1,0.1,1,0.1,0.0,8.630752563476562e-05,0.6046960437439691
1785424776.155571,08:00:27:a5:9e:2d,34,4455,0.2590030323375355,0.270996420876635,0,0.0,0,0.0,0.0,0.00013133883476257324,1.0
1785424786.155571,08:00:27:34:35:33,2,196,1.0367119312286377,0.0,0,0.0,0,0.0,0.0,,1.0
1785424786.155571,08:00:27:5a:87:bc,0,0,,,0,0.0,0,0.0,0.0,,0.0
1785424786.155571,08:00:27:8a:0d:75,7,686,0.6837191581726074,0.40407857191363233,0,0.0,0,0.0,0.0,0.00015745162963867187,1.0
1785424786.155571,08:00:27:9c:f0:f1,2,196,1.036686897277832,0.0,0,0.0,0,0.0,0.0,0.0001264810562133789,1.0
1785424786.155571,08:00:27:a5:9e:2d,7,686,0.683740496635437,0.40426028662869656,0,0.0,0,0.0,0.0,0.0001380443572998047,1.0
1785424796.155571,08:00:27:34:35:33,8,784,1.0245473044259208,0.002958693141560545,0,0.0,0,0.0,0.0,,1.0
1785424796.155571,08:00:27:5a:87:bc,0,0,,,0,0.0,0,0.0,0.0,,0.0
1785424796.155571,08:00:27:8a:0d:75,0,0,,,0,0.0,0,0.0,0.0,,0.0
1785424796.155571,08:00:27:9c:f0:f1,8,784,1.024547849382673,0.002997369305286266,0,0.0,0,0.0,0.0,0.00011515617370605469,1.0
1785424796.155571,08:00:27:a5:9e:2d,0,0,,,0,0.0,0,0.0,0.0,,0.0
1785424806.155571,08:00:27:34:35:33,1,60,,,1,0.1,0,0.0,0.0,,1.0
1785424806.155571,08:00:27:5a:87:bc,0,0,,,0,0.0,0,0.0,0.0,,0.0
1785424806.155571,08:00:27:8a:0d:75,0,0,,,0,0.0,0,0.0,0.0,,0.0
1785424806.155571,08:00:27:9c:f0:f1,1,60,,,0,0.0,1,0.1,0.0,,1.0
1785424806.155571,08:00:27:a5:9e:2d,0,0,,,0,0.0,0,0.0,0.0,,0.0
1785424816.155571,08:00:27:34:35:33,21,1925,0.4090988993644714,0.3420873349938879,1,0.1,2,0.2,0.0,0.00014543533325195312,0.9381091617933723
1785424816.155571,08:00:27:5a:87:bc,0,0,,,0,0.0,0,0.0,0.0,,0.0
1785424816.155571,08:00:27:8a:0d:75,2,196,1.005096197128296,0.0,0,0.0,0,0.0,0.0,,1.0
1785424816.155571,08:00:27:9c:f0:f1,11,1148,0.7563941955566407,1.006936264022836,1,0.1,0,0.0,0.0,0.00016236305236816406,1.1243878550440745
1785424816.155571,08:00:27:a5:9e:2d,12,1100,0.6522802656347101,0.363664655355,1,0.1,1,0.1,0.0,0.00011897087097167969,1.0
1785424826.155571,08:00:27:34:35:33,11,1078,0.8808429956436157,0.22474345736009374,0,0.0,0,0.0,0.0,0.00016254848904079862,1.0
1785424826.155571,08:00:27:5a:87:bc,0,0,,,0,0.0,0,0.0,0.0,,0.0
1785424826.155571,08:00:27:8a:0d:75,12,1100,0.5482100790197199,0.4224913300405358,1,0.1,1,0.1,0.0,0.00013097127278645834,1.0
1785424826.155571,08:00:27:9c:f0:f1,13,1096,0.7603704134623209,1.3612496466132546,1,0.1,1,0.1,0.0,0.00010614395141601562,0.47139784946236557
1785424826.155571,08:00:27:a5:9e:2d,31,4111,0.30104173024495445,0.22425572265189678,2,0.2,2,0.2,0.0,0.01794600486755371,1.4264399722414989
1785424836.155571,08:00:27:34:35:33,73,10933,0.12973719504144457,0.44103246762503695,0,0.0,0,0.0,0.0,0.00012969970703125,0.010285729338460047
1785424836.155571,08:00:27:5a:87:bc,0,0,,,0,0.0,0,0.0,0.0,,0.0
1785424836.155571,08:00:27:8a:0d:75,0,0,,,0,0.0,0,0.0,0.0,,0.0
1785424836.155571,08:00:27:9c:f0:f1,104,1062733,0.0876593381455801,0.4275778943045787,0,0.0,0,0.0,0.0,0.00017833709716796875,98.97857874639098
1785424836.155571,08:00:27:a5:9e:2d,4,392,0.6813457012176514,0.29114104133047,0,0.0,0,0.0,0.0,,1.0
1785424846.155571,08:00:27:34:35:33,9,882,0.7845116257667542,0.3792331353431591,0,0.0,0,0.0,0.0,0.00010395050048828125,1.0
1785424846.155571,08:00:27:5a:87:bc,0,0,,,0,0.0,0,0.0,0.0,,0.0
1785424846.155571,08:00:27:8a:0d:75,0,0,,,0,0.0,0,0.0,0.0,,0.0
1785424846.155571,08:00:27:9c:f0:f1,21,1854,0.4170637488365173,0.48131291639754165,0,0.0,0,0.0,0.0,0.00012670244489397322,0.4299628942486085
1785424846.155571,08:00:27:a5:9e:2d,10,3430,0.11739555994669597,0.3154893973254683,0,0.0,0,0.0,0.0,,3.52880658436214
1785424856.155571,08:00:27:34:35:33,27,2262,0.3511258088625394,0.6204867428986252,1,0.1,0,0.0,0.0,0.0001590251922607422,0.008534077832902606
1785424856.155571,08:00:27:5a:87:bc,0,0,,,0,0.0,0,0.0,0.0,,0.0
1785424856.155571,08:00:27:8a:0d:75,0,0,,,0,0.0,0,0.0,0.0,,0.0
1785424856.155571,08:00:27:9c:f0:f1,27,264407,0.07744149978344257,0.38616255031079466,0,0.0,0,0.0,0.0,,163.82094175960347
1785424856.155571,08:00:27:a5:9e:2d,7,648,0.8516700267791748,0.3668615000078014,0,0.0,1,0.1,0.0,,1.0
1785424866.155571,08:00:27:34:35:33,93,12310,0.10003202117007712,0.44537772631823047,0,0.0,0,0.0,0.0,0.0001595020294189453,0.011576719039329811
1785424866.155571,08:00:27:5a:87:bc,0,0,,,0,0.0,0,0.0,0.0,,0.0
1785424866.155571,08:00:27:8a:0d:75,1,98,,,0,0.0,0,0.0,0.0,,1.0
1785424866.155571,08:00:27:9c:f0:f1,114,1063631,0.05467060181946881,0.3484581245455644,0,0.0,0,0.0,0.0,,76.91308120616097
1785424866.155571,08:00:27:a5:9e:2d,8,2009,1.3155292783464705,2.733060650064527,0,0.0,0,0.0,0.0,9.202957153320312e-05,2.575641025641026
1785424876.155571,08:00:27:34:35:33,86,11598,0.09660116363974179,0.4254710024783579,0,0.0,0,0.0,0.0,0.00015550851821899414,0.008751305376642662
1785424876.155571,08:00:27:5a:87:bc,0,0,,,0,0.0,0,0.0,0.0,,0.0
1785424876.155571,08:00:27:8a:0d:75,12,1100,0.8377951708706942,0.3676754172831597,1,0.1,1,0.1,0.0,,1.0
1785424876.155571,08:00:27:9c:f0:f1,111,1324896,0.02863999930295077,0.2854254630528286,0,0.0,0,0.0,0.0,,118.23094770658575
1785424876.155571,08:00:27:a5:9e:2d,16,1492,0.6280170758565267,0.3925277152421109,1,0.1,1,0.1,0.0,0.00011250972747802734,1.0
1785424886.155571,08:00:27:34:35:33,30,2281,0.27807720776261957,0.5698653645309174,1,0.1,1,0.1,0.0,0.00013446807861328125,0.008622156030406235
1785424886.155571,08:00:27:5a:87:bc,0,0,,,0,0.0,0,0.0,0.0,,0.0
1785424886.155571,08:00:27:8a:0d:75,18,4214,0.5402388712939095,0.5052725314635337,0,0.0,0,0.0,0.0,,2.3997722095671983
1785424886.155571,08:00:27:9c:f0:f1,28,264333,0.1873471118785717,0.4782166032289431,0,0.0,0,0.0,0.0,,128.13039263208918
1785424886.155571,08:00:27:a5:9e:2d,23,1974,0.4174561283805154,0.4447320129783301,1,0.1,1,0.1,0.0,0.00013375282287597656,0.4453971119133574
1785424896.155571,08:00:27:34:35:33,98,12503,0.09455862733506665,0.4575028430543444,0,0.0,0,0.0,0.0,0.00022399425506591797,0.009428967888870455
1785424896.155571,08:00:27:5a:87:bc,0,0,,,0,0.0,0,0.0,0.0,,0.0
1785424896.155571,08:00:27:8a:0d:75,9,882,1.020981639623642,0.00806438042229779,0,0.0,0,0.0,0.0,,1.0
1785424896.155571,08:00:27:9c:f0:f1,128,1326408,0.06098445006242887,0.3657141477056718,0,0.0,0,0.0,0.0,,93.93824362606232
1785424896.155571,08:00:27:a5:9e:2d,15,2695,0.589717081614903,0.46217218710807767,0,0.0,0,0.0,0.0,0.0009391042921278211,1.8383356070941337
1785424906.155571,08:00:27:34:35:33,11,1040,0.9216063976287842,0.2864700074718042,1,0.1,0,0.0,0.0,0.0001566171646118164,1.0
1785424906.155571,08:00:27:5a:87:bc,0,0,,,0,0.0,0,0.0,0.0,,0.0
1785424906.155571,08:00:27:8a:0d:75,16,1568,0.6323007424672444,0.31462679662700993,0,0.0,0,0.0,0.0,0.00172945431300572,1.0
1785424906.155571,08:00:27:9c:f0:f1,1,60,,,1,0.1,0,0.0,0.0,,1.0
1785424906.155571,08:00:27:a5:9e:2d,28,2668,0.3512889632472285,0.32299347023228864,0,0.0,2,0.2,0.0,0.00012755393981933594,1.0
1785424916.155571,08:00:27:34:35:33,9,882,1.024499237537384,0.002259357169187498,0,0.0,0,0.0,0.0,0.00200298097398546,1.0
1785424916.155571,08:00:27:5a:87:bc,0,0,,,0,0.0,0,0.0,0.0,,0.0
1785424916.155571,08:00:27:8a:0d:75,16,1364,0.34087087313334147,0.47550408679539924,0,0.0,0,0.0,0.0,0.00013679265975952148,0.3568812140240712
1785424916.155571,08:00:27:9c:f0:f1,6,486,0.004732561111450195,0.009149358370168182,0,0.0,0,0.0,0.0,,0.28338192419825076
1785424916.155571,08:00:27:a5:9e:2d,28,6419,0.3035548881248192,0.37868262829614774,0,0.0,0,0.0,0.0,,2.3495607613469986
1785424926.155571,08:00:27:34:35:33,10,980,1.024692217508952,0.001818340374178045,0,0.0,0,0.0,0.0,0.001133275032043457,1.0
1785424926.155571,08:00:27:5a:87:bc,0,0,,,0,0.0,0,0.0,0.0,,0.0
1785424926.155571,08:00:27:8a:0d:75,0,0,,,0,0.0,0,0.0,0.0,,0.0
1785424926.155571,08:00:27:9c:f0:f1,0,0,,,0,0.0,0,0.0,0.0,,0.0
1785424926.155571,08:00:27:a5:9e:2d,10,980,1.0246813297271729,0.00510168962595428,0,0.0,0,0.0,0.0,,1.0
1785424936.155571,08:00:27:34:35:33,11,1002,0.8191658020019531,0.3821512311281781,1,0.1,1,0.1,0.0,0.00013973977830674913,1.0
1785424936.155571,08:00:27:5a:87:bc,0,0,,,0,0.0,0,0.0,0.0,,0.0
1785424936.155571,08:00:27:8a:0d:75,19,1760,0.4727295504675971,0.38406835930216066,0,0.0,0,0.0,0.0,0.00013187527656555176,0.5888256942121111
1785424936.155571,08:00:27:9c:f0:f1,10,878,0.45336876975165474,0.501699809478202,0,0.0,0,0.0,0.0,0.0032030344009399414,0.4167062173706692
1785424936.155571,08:00:27:a5:9e:2d,38,6098,0.23060227084804225,0.3011264757454514,1,0.1,1,0.1,0.0,8.525848388671876e-05,1.6752747252747253
1785424946.155571,08:00:27:34:35:33,87,11846,0.10690215299295824,0.45957363122692574,0,0.0,0,0.0,0.0,8.749961853027344e-05,0.008930806230304128
1785424946.155571,08:00:27:5a:87:bc,0,0,,,0,0.0,0,0.0,0.0,,0.0
1785424946.155571,08:00:27:8a:0d:75,16,1568,0.560383415222168,0.3738466831523719,0,0.0,0,0.0,0.0,0.00022268295288085938,1.0
1785424946.155571,08:00:27:9c:f0:f1,138,1327592,0.06730643154060753,0.2342133781000074,0,0.0,0,0.0,0.0,0.0020136303371853298,93.18396855478346
1785424946.155571,08:00:27:a5:9e:2d,32,4361,0.30108577205288795,0.21716631341905884,0,0.0,0,0.0,0.0,0.00011951582772391183,1.3924010217113665
1785424956.155571,08:00:27:34:35:33,11,1040,0.9212100028991699,0.3070345747462896,1,0.1,0,0.0,0.0,0.00012767314910888672,1.0
1785424956.155571,08:00:27:5a:87:bc,0,0,,,0,0.0,0,0.0,0.0,,0.0
1785424956.155571,08:00:27:8a:0d:75,4,392,1.016727368036906,0.007647420966128313,0,0.0,0,0.0,0.0,0.0001468062400817871,1.0
1785424956.155571,08:00:27:9c:f0:f1,0,0,,,0,0.0,0,0.0,0.0,,0.0
1785424956.155571,08:00:27:a5:9e:2d,15,1432,0.6606426409312657,0.46250956962055995,0,0.0,1,0.1,0.0,,1.0
1785424966.155571,08:00:27:34:35:33,8,784,1.3066545554569788,0.6920727464945147,0,0.0,0,0.0,0.0,0.00010815262794494629,1.0
1785424966.155571,08:00:27:5a:87:bc,0,0,,,0,0.0,0,0.0,0.0,,0.0
1785424966.155571,08:00:27:8a:0d:75,0,0,,,0,0.0,0,0.0,0.0,,0.0
1785424966.155571,08:00:27:9c:f0:f1,5,490,1.0219997763633728,0.005105502156450586,0,0.0,0,0.0,0.0,0.00012865066528320313,1.0
1785424966.155571,08:00:27:a5:9e:2d,13,1274,0.7622196674346924,0.6958189240499395,0,0.0,0,0.0,0.0,,1.0
1785424976.155571,08:00:27:34:35:33,13,1255,0.7626292506853739,0.600829723914056,0,0.0,0,0.0,0.0,0.0001182854175567627,0.9081041968162084
1785424976.155571,08:00:27:5a:87:bc,0,0,,,0,0.0,0,0.0,0.0,,0.0
1785424976.155571,08:00:27:8a:0d:75,0,0,,,0,0.0,0,0.0,0.0,,0.0
1785424976.155571,08:00:27:9c:f0:f1,18,1770,0.5627103553098791,0.7396667408621518,0,0.0,0,0.0,0.0,6.159146626790364e-05,0.6162952646239555
1785424976.155571,08:00:27:a5:9e:2d,12,2401,0.6445283673026345,0.9792742406704882,0,0.0,0,0.0,0.0,,2.0486348122866893
1785424986.155571,08:00:27:34:35:33,14,1315,0.6983220027043269,0.4663213985373026,1,0.1,0,0.0,0.0,0.0014972388744354248,0.9119278779472955
1785424986.155571,08:00:27:5a:87:bc,0,0,,,0,0.0,0,0.0,0.0,,0.0
1785424986.155571,08:00:27:8a:0d:75,11,900,0.6230728149414062,1.2489279625403176,1,0.1,1,0.1,0.0,,0.4227336777829967
1785424986.155571,08:00:27:9c:f0:f1,21,1988,0.4539141535758972,0.44667239788949936,1,0.1,1,0.1,0.0,,0.6433656957928803
1785424986.155571,08:00:27:a5:9e:2d,16,3904,0.4700933297475179,1.0436679923237737,1,0.1,2,0.2,0.0,0.00012143452962239583,2.699861687413555
1785424996.155571,08:00:27:34:35:33,8,784,1.0213022913251604,0.00700704127938376,0,0.0,0,0.0,0.0,0.00012001395225524902,1.0
1785424996.155571,08:00:27:5a:87:bc,0,0,,,0,0.0,0,0.0,0.0,,0.0
1785424996.155571,08:00:27:8a:0d:75,12,1176,0.8380324407057329,0.2579430648041319,0,0.0,0,0.0,0.0,6.902217864990234e-05,1.0
1785424996.155571,08:00:27:9c:f0:f1,22,2054,0.3877036685035342,0.2421814490404609,0,0.0,0,0.0,0.0,9.85264778137207e-05,0.6256472738349071
1785424996.155571,08:00:27:a5:9e:2d,25,3675,0.38411304354667664,0.31879560258603834,0,0.0,0,0.0,0.0,0.0001472949981689453,1.5024529844644317
1785425006.155571,08:00:27:34:35:33,52,3962,0.18522219564400466,0.5448578353460013,0,0.0,0,0.0,0.0,6.260871887207032e-05,0.007496660372146179
1785425006.155571,08:00:27:5a:87:bc,0,0,,,0,0.0,0,0.0,0.0,,0.0
1785425006.155571,08:00:27:8a:0d:75,10,980,1.0237934589385986,0.003079776509051999,0,0.0,0,0.0,0.0,0.0001081228256225586,1.0
1785425006.155571,08:00:27:9c:f0:f1,56,528698,0.17174690853465688,0.4260250587245934,0,0.0,0,0.0,0.0,0.00011491775512695312,127.15199615199616
1785425006.155571,08:00:27:a5:9e:2d,12,1176,0.8376731872558594,0.329178056996647,0,0.0,0,0.0,0.0,,1.0
1785425016.155571,08:00:27:34:35:33,11,1078,0.816013503074646,0.27045771733055407,0,0.0,0,0.0,0.0,7.510185241699219e-05,1.0
1785425016.155571,08:00:27:5a:87:bc,0,0,,,0,0.0,0,0.0,0.0,,0.0
1785425016.155571,08:00:27:8a:0d:75,9,882,1.0206979811191559,0.008258081511114216,0,0.0,0,0.0,0.0,0.00015778011745876737,1.0
1785425016.155571,08:00:27:9c:f0:f1,23,2152,0.38708618554201996,0.2565358429653735,0,0.0,0,0.0,0.0,0.00012922286987304688,0.6364980774918663
1785425016.155571,08:00:27:a5:9e:2d,20,3185,0.429770733180799,0.4844608966872102,0,0.0,0,0.0,0.0,,1.628323108384458
